#usda 1.0
(
    customLayerData = {
        string creator = "URDF USD Converter v0.3.2"
    }
    defaultPrim = "magician"
    doc = """Generated from Composed Stage of root layer /home/hawx/wsisaac1/src/isaac_dobot1/assets/usd/dobot_magician_suction_1/payloads/base.usd
"""
    endTimeCode = 1000000
    kilogramsPerUnit = 1
    metersPerUnit = 1
    startTimeCode = 0
    subLayers = [
        @./robot.usda@
    ]
    upAxis = "Z"
)

def Xform "magician" (
    prepend apiSchemas = ["GeomModelAPI"]
    assetInfo = {
        string name = "magician"
    }
    kind = "component"
)
{
    float3[] extentsHint = [(-43.720005, -18.553188, -14.248558), (43.095352, 78.701416, 34.897724), (3.4028235e38, 3.4028235e38, 3.4028235e38), (-3.4028235e38, -3.4028235e38, -3.4028235e38), (3.4028235e38, 3.4028235e38, 3.4028235e38), (-3.4028235e38, -3.4028235e38, -3.4028235e38), (-43.720005, -18.553188, -14.248558), (43.095352, 78.701416, 34.897724)]

    def Scope "Materials"
    {
    }

    def Scope "Geometry"
    {
        def Xform "magician_root_link"
        {
            def Xform "magician_base_link"
            {
                quatf xformOp:orient = (1, 0, 0, 0)
                float3 xformOp:scale = (1, 1, 1)
                double3 xformOp:translate = (0, 0, 0.131305)
                uniform token[] xformOpOrder = ["xformOp:translate", "xformOp:orient", "xformOp:scale"]

                def Xform "magicianBase"
                {
                    quatf xformOp:orient = (1, 0, 0, 0)
                    float3 xformOp:scale = (1, 1, 1)
                    double3 xformOp:translate = (0, 0, 0)
                    uniform token[] xformOpOrder = ["xformOp:translate", "xformOp:orient", "xformOp:scale"]

                    def Xform "tn__Circle014_WE" (
                        displayName = "Circle.014"
                        instanceable = true
                        prepend references = @./instances.usda@</Instances/tn__Circle014_WE>
                    )
                    {
                        quatd xformOp:orient = (1, 0, 0, 0)
                        double3 xformOp:scale = (0.002400001045, 0.002400001045, 0.002400001045)
                        double3 xformOp:translate = (0.06213799864, -0.06358016282, -0.08095364273)
                        uniform token[] xformOpOrder = ["xformOp:translate", "xformOp:orient", "xformOp:scale"]
                    }

                    def Xform "tn__Circle013_WE" (
                        displayName = "Circle.013"
                        instanceable = true
                        prepend references = @./instances.usda@</Instances/tn__Circle013_WE>
                    )
                    {
                        quatd xformOp:orient = (1, 0, 0, 0)
                        double3 xformOp:scale = (0.00700000301, 0.00700000301, 0.00700000301)
                        double3 xformOp:translate = (-0.06303164363, 0.06283199042, -0.08007281274)
                        uniform token[] xformOpOrder = ["xformOp:translate", "xformOp:orient", "xformOp:scale"]
                    }

                    def Xform "tn__Circle012_WE" (
                        displayName = "Circle.012"
                        instanceable = true
                        prepend references = @./instances.usda@</Instances/tn__Circle012_WE>
                    )
                    {
                        quatd xformOp:orient = (1, 0, 0, 0)
                        double3 xformOp:scale = (0.008500001393, 0.008500001393, 0.008500001393)
                        double3 xformOp:translate = (-0.06303164363, 0.06283199042, -0.08093486726)
                        uniform token[] xformOpOrder = ["xformOp:translate", "xformOp:orient", "xformOp:scale"]
                    }

                    def Xform "tn__Plane005_lC" (
                        displayName = "Plane.005"
                        instanceable = true
                        prepend references = @./instances.usda@</Instances/tn__Plane005_lC>
                    )
                    {
                        quatd xformOp:orient = (0.7071068287, 0, 0.7071067691, 0)
                        double3 xformOp:scale = (0.004488002043, 0.004488002043, 0.004488002043)
                        double3 xformOp:translate = (-0.07820981741, -0.03049983084, -0.1188359037)
                        uniform token[] xformOpOrder = ["xformOp:translate", "xformOp:orient", "xformOp:scale"]
                    }

                    def Xform "tn__Circle011_WE" (
                        displayName = "Circle.011"
                        instanceable = true
                        prepend references = @./instances.usda@</Instances/tn__Circle011_WE>
                    )
                    {
                        quatd xformOp:orient = (0.7071068287, 0, 0.7071067691, 0)
                        double3 xformOp:scale = (0.001262026024, 0.001262026024, 0.001262026024)
                        double3 xformOp:translate = (-0.07820598781, -0.05407350883, -0.1186686009)
                        uniform token[] xformOpOrder = ["xformOp:translate", "xformOp:orient", "xformOp:scale"]
                    }

                    def Xform "tn__Circle010_WE" (
                        displayName = "Circle.010"
                        instanceable = true
                        prepend references = @./instances.usda@</Instances/tn__Circle010_WE>
                    )
                    {
                        quatd xformOp:orient = (0.7071068287, 0, 0.7071067691, 0)
                        double3 xformOp:scale = (0.003807018977, 0.003807018977, 0.003807018977)
                        double3 xformOp:translate = (-0.07820598781, -0.05407350883, -0.1186686009)
                        uniform token[] xformOpOrder = ["xformOp:translate", "xformOp:orient", "xformOp:scale"]
                    }

                    def Xform "tn__Plane004_lC" (
                        displayName = "Plane.004"
                        instanceable = true
                        prepend references = @./instances.usda@</Instances/tn__Plane004_lC>
                    )
                    {
                        quatd xformOp:orient = (0.7071068287, 0, 0.7071067691, 0)
                        double3 xformOp:scale = (0.009999999776, 0.009999999776, 0.009999999776)
                        double3 xformOp:translate = (-0.07818367332, -0.03210039064, -0.1197274998)
                        uniform token[] xformOpOrder = ["xformOp:translate", "xformOp:orient", "xformOp:scale"]
                    }

                    def Xform "tn__Plane002_lC" (
                        displayName = "Plane.002"
                        instanceable = true
                        prepend references = @./instances.usda@</Instances/tn__Plane002_lC>
                    )
                    {
                        quatd xformOp:orient = (0.7071068287, 0, 0.7071067691, 0)
                        double3 xformOp:scale = (0.01999999955, 0.01999999955, 0.01999999955)
                        double3 xformOp:translate = (-0.07810132205, -0.04117545858, -0.1090902984)
                        uniform token[] xformOpOrder = ["xformOp:translate", "xformOp:orient", "xformOp:scale"]
                    }

                    def Xform "tn__object_5182_XH" (
                        displayName = "object_5.182"
                        instanceable = true
                        prepend references = @./instances.usda@</Instances/tn__object_5182_XH>
                    )
                    {
                        quatd xformOp:orient = (0.7071067691, -0.000002556955906, -0.00000255695636, 0.7071067691)
                        double3 xformOp:scale = (0.000999987009, 0.000999987009, 0.000999987009)
                        double3 xformOp:translate = (-0.00009029389912, -0.00009829280316, -0.1059534028)
                        uniform token[] xformOpOrder = ["xformOp:translate", "xformOp:orient", "xformOp:scale"]
                    }

                    def Xform "tn__object_4010_XH" (
                        displayName = "object_4.010"
                        instanceable = true
                        prepend references = @./instances.usda@</Instances/tn__object_4010_XH>
                    )
                    {
                        quatd xformOp:orient = (0.7071067095, -0.000001148924639, -0.000003983639999, 0.7071068287)
                        double3 xformOp:scale = (0.0009999865433, 0.0009999865433, 0.0009999865433)
                        double3 xformOp:translate = (-0.00009339794363, -0.0001083286183, -0.1059069234)
                        uniform token[] xformOpOrder = ["xformOp:translate", "xformOp:orient", "xformOp:scale"]
                    }

                    def Xform "tn__object_4005_XH" (
                        displayName = "object_4.005"
                        instanceable = true
                        prepend references = @./instances.usda@</Instances/tn__object_4005_XH>
                    )
                    {
                        quatd xformOp:orient = (0.7071067095, -0.000001148924639, -0.000003983639999, 0.7071068287)
                        double3 xformOp:scale = (0.0009999865433, 0.0009999865433, 0.0009999865433)
                        double3 xformOp:translate = (43.09287007, 78.69721353, -14.37566294)
                        uniform token[] xformOpOrder = ["xformOp:translate", "xformOp:orient", "xformOp:scale"]
                    }

                    def Xform "tn__object_4004_XH" (
                        displayName = "object_4.004"
                        instanceable = true
                        prepend references = @./instances.usda@</Instances/tn__object_4005_XH>
                    )
                    {
                        quatd xformOp:orient = (0.7071067095, -0.000001148924639, -0.000003983639999, 0.7071068287)
                        double3 xformOp:scale = (0.0009999865433, 0.0009999865433, 0.0009999865433)
                        double3 xformOp:translate = (43.09287007, 78.69721353, -14.37566294)
                        uniform token[] xformOpOrder = ["xformOp:translate", "xformOp:orient", "xformOp:scale"]
                    }

                    def Xform "tn__object_4003_XH" (
                        displayName = "object_4.003"
                        instanceable = true
                        prepend references = @./instances.usda@</Instances/tn__object_4005_XH>
                    )
                    {
                        quatd xformOp:orient = (0.7071067095, -0.000001148924639, -0.000003983639999, 0.7071068287)
                        double3 xformOp:scale = (0.0009999865433, 0.0009999865433, 0.0009999865433)
                        double3 xformOp:translate = (23.72741062, 78.69721353, -14.37566294)
                        uniform token[] xformOpOrder = ["xformOp:translate", "xformOp:orient", "xformOp:scale"]
                    }

                    def Xform "tn__object_4002_XH" (
                        displayName = "object_4.002"
                        instanceable = true
                        prepend references = @./instances.usda@</Instances/tn__object_4002_XH>
                    )
                    {
                        quatd xformOp:orient = (0.7071067095, -0.000001148924639, -0.000003983639999, 0.7071068287)
                        double3 xformOp:scale = (0.0009999865433, 0.0009999865433, 0.0009999865433)
                        double3 xformOp:translate = (-0.00009342029356, -0.508338985, 27.20032678)
                        uniform token[] xformOpOrder = ["xformOp:translate", "xformOp:orient", "xformOp:scale"]
                    }
                }

                def Xform "magician_link_1"
                {
                    quatf xformOp:orient = (1, 0, 0, 0)
                    float3 xformOp:scale = (1, 1, 1)
                    double3 xformOp:translate = (0, 0, 0)
                    uniform token[] xformOpOrder = ["xformOp:translate", "xformOp:orient", "xformOp:scale"]

                    def Xform "magicianLink1"
                    {
                        quatf xformOp:orient = (1, 0, 0, 0)
                        float3 xformOp:scale = (1, 1, 1)
                        double3 xformOp:translate = (0, 0, 0)
                        uniform token[] xformOpOrder = ["xformOp:translate", "xformOp:orient", "xformOp:scale"]

                        def Xform "tn__Circle002_WE" (
                            displayName = "Circle.002"
                            instanceable = true
                            prepend references = @./instances.usda@</Instances/tn__Circle002_WE>
                        )
                        {
                            quatd xformOp:orient = (0.7071067691, 0.7071067691, 0, 0)
                            double3 xformOp:scale = (0.0109999897, 0.0109999897, 0.0109999897)
                            double3 xformOp:translate = (-0.00005130600039, 0.0249013491, -0.0001798209996)
                            uniform token[] xformOpOrder = ["xformOp:translate", "xformOp:orient", "xformOp:scale"]
                        }

                        def Xform "tn__object_2002_XH" (
                            displayName = "object_2.002"
                            instanceable = true
                            prepend references = @./instances.usda@</Instances/tn__object_2002_XH>
                        )
                        {
                            quatd xformOp:orient = (0.7071067691, -0.000002556955906, -0.00000255695636, 0.7071067691)
                            double3 xformOp:scale = (0.000999987009, 0.000999987009, 0.000999987009)
                            double3 xformOp:translate = (-0.006590805948, -0.0000982890997, -0.02498593926)
                            uniform token[] xformOpOrder = ["xformOp:translate", "xformOp:orient", "xformOp:scale"]
                        }

                        def Xform "tn__object_2001_XH" (
                            displayName = "object_2.001"
                            instanceable = true
                            prepend references = @./instances.usda@</Instances/tn__object_2001_XH>
                        )
                        {
                            quatd xformOp:orient = (0.7071067691, -0.000002556955906, -0.00000255695636, 0.7071067691)
                            double3 xformOp:scale = (0.000999987009, 0.000999987009, 0.000999987009)
                            double3 xformOp:translate = (-0.006590805948, -0.0000982890997, -0.02498593926)
                            uniform token[] xformOpOrder = ["xformOp:translate", "xformOp:orient", "xformOp:scale"]
                        }

                        def Xform "tn__object_2003_XH" (
                            displayName = "object_2.003"
                            instanceable = true
                            prepend references = @./instances.usda@</Instances/tn__object_2003_XH>
                        )
                        {
                            quatd xformOp:orient = (0.7071067691, -0.000002556955906, -0.00000255695636, 0.7071067691)
                            double3 xformOp:scale = (0.000999987009, 0.000999987009, 0.000999987009)
                            double3 xformOp:translate = (-0.006590805948, -0.0000982890997, -0.02498593926)
                            uniform token[] xformOpOrder = ["xformOp:translate", "xformOp:orient", "xformOp:scale"]
                        }

                        def Xform "tn__object_2004_XH" (
                            displayName = "object_2.004"
                            instanceable = true
                            prepend references = @./instances.usda@</Instances/tn__object_2004_XH>
                        )
                        {
                            quatd xformOp:orient = (0.7071067691, -0.000002556955906, -0.00000255695636, 0.7071067691)
                            double3 xformOp:scale = (0.000999987009, 0.000999987009, 0.000999987009)
                            double3 xformOp:translate = (-0.006590805948, -0.0000982890997, -0.02498593926)
                            uniform token[] xformOpOrder = ["xformOp:translate", "xformOp:orient", "xformOp:scale"]
                        }

                        def Xform "tn__object_2005_XH" (
                            displayName = "object_2.005"
                            instanceable = true
                            prepend references = @./instances.usda@</Instances/tn__object_2005_XH>
                        )
                        {
                            quatd xformOp:orient = (0.7071067691, -0.000002556955906, -0.00000255695636, 0.7071067691)
                            double3 xformOp:scale = (0.000999987009, 0.000999987009, 0.000999987009)
                            double3 xformOp:translate = (-0.006590805948, -0.0000982890997, -0.02498593926)
                            uniform token[] xformOpOrder = ["xformOp:translate", "xformOp:orient", "xformOp:scale"]
                        }

                        def Xform "tn__object_2006_XH" (
                            displayName = "object_2.006"
                            instanceable = true
                            prepend references = @./instances.usda@</Instances/tn__object_2006_XH>
                        )
                        {
                            quatd xformOp:orient = (0.7071067691, -0.000002556955906, -0.00000255695636, 0.7071067691)
                            double3 xformOp:scale = (0.000999987009, 0.000999987009, 0.000999987009)
                            double3 xformOp:translate = (-0.006590805948, -0.0000982890997, -0.02498593926)
                            uniform token[] xformOpOrder = ["xformOp:translate", "xformOp:orient", "xformOp:scale"]
                        }

                        def Xform "tn__object_2007_XH" (
                            displayName = "object_2.007"
                            instanceable = true
                            prepend references = @./instances.usda@</Instances/tn__object_2007_XH>
                        )
                        {
                            quatd xformOp:orient = (0.7071067691, -0.000002556955906, -0.00000255695636, 0.7071067691)
                            double3 xformOp:scale = (0.000999987009, 0.000999987009, 0.000999987009)
                            double3 xformOp:translate = (-0.006590805948, -0.0000982890997, -0.02498593926)
                            uniform token[] xformOpOrder = ["xformOp:translate", "xformOp:orient", "xformOp:scale"]
                        }

                        def Xform "tn__object_2008_XH" (
                            displayName = "object_2.008"
                            instanceable = true
                            prepend references = @./instances.usda@</Instances/tn__object_2008_XH>
                        )
                        {
                            quatd xformOp:orient = (0.7071067691, -0.000002556955906, -0.00000255695636, 0.7071067691)
                            double3 xformOp:scale = (0.000999987009, 0.000999987009, 0.000999987009)
                            double3 xformOp:translate = (-0.006590805948, -0.0000982890997, -0.02498593926)
                            uniform token[] xformOpOrder = ["xformOp:translate", "xformOp:orient", "xformOp:scale"]
                        }

                        def Xform "tn__object_2009_XH" (
                            displayName = "object_2.009"
                            instanceable = true
                            prepend references = @./instances.usda@</Instances/tn__object_2009_XH>
                        )
                        {
                            quatd xformOp:orient = (0.7071067691, -0.000002556955906, -0.00000255695636, 0.7071067691)
                            double3 xformOp:scale = (0.000999987009, 0.000999987009, 0.000999987009)
                            double3 xformOp:translate = (-0.006590805948, -0.0000982890997, -0.02498593926)
                            uniform token[] xformOpOrder = ["xformOp:translate", "xformOp:orient", "xformOp:scale"]
                        }

                        def Xform "tn__object_2010_XH" (
                            displayName = "object_2.010"
                            instanceable = true
                            prepend references = @./instances.usda@</Instances/tn__object_2010_XH>
                        )
                        {
                            quatd xformOp:orient = (0.7071067691, -0.000002556955906, -0.00000255695636, 0.7071067691)
                            double3 xformOp:scale = (0.000999987009, 0.000999987009, 0.000999987009)
                            double3 xformOp:translate = (-0.006590805948, -0.0000982890997, -0.02498593926)
                            uniform token[] xformOpOrder = ["xformOp:translate", "xformOp:orient", "xformOp:scale"]
                        }

                        def Xform "tn__object_2011_XH" (
                            displayName = "object_2.011"
                            instanceable = true
                            prepend references = @./instances.usda@</Instances/tn__object_2011_XH>
                        )
                        {
                            quatd xformOp:orient = (0.7071067691, -0.000002556955906, -0.00000255695636, 0.7071067691)
                            double3 xformOp:scale = (0.000999987009, 0.000999987009, 0.000999987009)
                            double3 xformOp:translate = (-0.006590805948, -0.0000982890997, -0.02498593926)
                            uniform token[] xformOpOrder = ["xformOp:translate", "xformOp:orient", "xformOp:scale"]
                        }

                        def Xform "tn__object_2012_XH" (
                            displayName = "object_2.012"
                            instanceable = true
                            prepend references = @./instances.usda@</Instances/tn__object_2012_XH>
                        )
                        {
                            quatd xformOp:orient = (0.7071067691, -0.000002556955906, -0.00000255695636, 0.7071067691)
                            double3 xformOp:scale = (0.000999987009, 0.000999987009, 0.000999987009)
                            double3 xformOp:translate = (-0.006590805948, -0.0000982890997, -0.02498593926)
                            uniform token[] xformOpOrder = ["xformOp:translate", "xformOp:orient", "xformOp:scale"]
                        }

                        def Xform "tn__object_2013_XH" (
                            displayName = "object_2.013"
                            instanceable = true
                            prepend references = @./instances.usda@</Instances/tn__object_2013_XH>
                        )
                        {
                            quatd xformOp:orient = (0.7071067691, -0.000002556955906, -0.00000255695636, 0.7071067691)
                            double3 xformOp:scale = (0.000999987009, 0.000999987009, 0.000999987009)
                            double3 xformOp:translate = (-0.006590805948, -0.0000982890997, -0.02498593926)
                            uniform token[] xformOpOrder = ["xformOp:translate", "xformOp:orient", "xformOp:scale"]
                        }

                        def Xform "tn__object_2014_XH" (
                            displayName = "object_2.014"
                            instanceable = true
                            prepend references = @./instances.usda@</Instances/tn__object_2014_XH>
                        )
                        {
                            quatd xformOp:orient = (0.7071067691, -0.000002556955906, -0.00000255695636, 0.7071067691)
                            double3 xformOp:scale = (0.000999987009, 0.000999987009, 0.000999987009)
                            double3 xformOp:translate = (-0.006590805948, -0.0000982890997, -0.02498593926)
                            uniform token[] xformOpOrder = ["xformOp:translate", "xformOp:orient", "xformOp:scale"]
                        }

                        def Xform "tn__object_2015_XH" (
                            displayName = "object_2.015"
                            instanceable = true
                            prepend references = @./instances.usda@</Instances/tn__object_2015_XH>
                        )
                        {
                            quatd xformOp:orient = (0.7071067691, -0.000002556955906, -0.00000255695636, 0.7071067691)
                            double3 xformOp:scale = (0.000999987009, 0.000999987009, 0.000999987009)
                            double3 xformOp:translate = (-0.006590805948, -0.0000982890997, -0.02498593926)
                            uniform token[] xformOpOrder = ["xformOp:translate", "xformOp:orient", "xformOp:scale"]
                        }

                        def Xform "tn__object_2016_XH" (
                            displayName = "object_2.016"
                            instanceable = true
                            prepend references = @./instances.usda@</Instances/tn__object_2016_XH>
                        )
                        {
                            quatd xformOp:orient = (0.7071067691, -0.000002556955906, -0.00000255695636, 0.7071067691)
                            double3 xformOp:scale = (0.000999987009, 0.000999987009, 0.000999987009)
                            double3 xformOp:translate = (-0.006590805948, -0.0000982890997, -0.02498593926)
                            uniform token[] xformOpOrder = ["xformOp:translate", "xformOp:orient", "xformOp:scale"]
                        }

                        def Xform "tn__object_2017_XH" (
                            displayName = "object_2.017"
                            instanceable = true
                            prepend references = @./instances.usda@</Instances/tn__object_2017_XH>
                        )
                        {
                            quatd xformOp:orient = (0.7071067691, -0.000002556955906, -0.00000255695636, 0.7071067691)
                            double3 xformOp:scale = (0.000999987009, 0.000999987009, 0.000999987009)
                            double3 xformOp:translate = (-0.006590805948, -0.0000982890997, -0.02498593926)
                            uniform token[] xformOpOrder = ["xformOp:translate", "xformOp:orient", "xformOp:scale"]
                        }

                        def Xform "tn__object_2018_XH" (
                            displayName = "object_2.018"
                            instanceable = true
                            prepend references = @./instances.usda@</Instances/tn__object_2018_XH>
                        )
                        {
                            quatd xformOp:orient = (0.7071067691, -0.000002556955906, -0.00000255695636, 0.7071067691)
                            double3 xformOp:scale = (0.000999987009, 0.000999987009, 0.000999987009)
                            double3 xformOp:translate = (-0.006590805948, -0.0000982890997, -0.02498593926)
                            uniform token[] xformOpOrder = ["xformOp:translate", "xformOp:orient", "xformOp:scale"]
                        }

                        def Xform "tn__object_2019_XH" (
                            displayName = "object_2.019"
                            instanceable = true
                            prepend references = @./instances.usda@</Instances/tn__object_2019_XH>
                        )
                        {
                            quatd xformOp:orient = (0.7071067691, -0.000002556955906, -0.00000255695636, 0.7071067691)
                            double3 xformOp:scale = (0.000999987009, 0.000999987009, 0.000999987009)
                            double3 xformOp:translate = (-0.006590805948, -0.0000982890997, -0.02498593926)
                            uniform token[] xformOpOrder = ["xformOp:translate", "xformOp:orient", "xformOp:scale"]
                        }

                        def Xform "tn__object_2020_XH" (
                            displayName = "object_2.020"
                            instanceable = true
                            prepend references = @./instances.usda@</Instances/tn__object_2020_XH>
                        )
                        {
                            quatd xformOp:orient = (0.7071067691, -0.000002556955906, -0.00000255695636, 0.7071067691)
                            double3 xformOp:scale = (0.000999987009, 0.000999987009, 0.000999987009)
                            double3 xformOp:translate = (-0.006590805948, -0.0000982890997, -0.02498593926)
                            uniform token[] xformOpOrder = ["xformOp:translate", "xformOp:orient", "xformOp:scale"]
                        }

                        def Xform "tn__object_2021_XH" (
                            displayName = "object_2.021"
                            instanceable = true
                            prepend references = @./instances.usda@</Instances/tn__object_2021_XH>
                        )
                        {
                            quatd xformOp:orient = (0.7071067691, -0.000002556955906, -0.00000255695636, 0.7071067691)
                            double3 xformOp:scale = (0.000999987009, 0.000999987009, 0.000999987009)
                            double3 xformOp:translate = (-0.006590805948, -0.0000982890997, -0.02498593926)
                            uniform token[] xformOpOrder = ["xformOp:translate", "xformOp:orient", "xformOp:scale"]
                        }

                        def Xform "tn__object_2022_XH" (
                            displayName = "object_2.022"
                            instanceable = true
                            prepend references = @./instances.usda@</Instances/tn__object_2022_XH>
                        )
                        {
                            quatd xformOp:orient = (0.7071067691, -0.000002556955906, -0.00000255695636, 0.7071067691)
                            double3 xformOp:scale = (0.000999987009, 0.000999987009, 0.000999987009)
                            double3 xformOp:translate = (-0.006590805948, -0.0000982890997, -0.02498593926)
                            uniform token[] xformOpOrder = ["xformOp:translate", "xformOp:orient", "xformOp:scale"]
                        }

                        def Xform "tn__object_2023_XH" (
                            displayName = "object_2.023"
                            instanceable = true
                            prepend references = @./instances.usda@</Instances/tn__object_2023_XH>
                        )
                        {
                            quatd xformOp:orient = (0.7071067691, -0.000002556955906, -0.00000255695636, 0.7071067691)
                            double3 xformOp:scale = (0.000999987009, 0.000999987009, 0.000999987009)
                            double3 xformOp:translate = (-0.006590805948, -0.0000982890997, -0.02498593926)
                            uniform token[] xformOpOrder = ["xformOp:translate", "xformOp:orient", "xformOp:scale"]
                        }

                        def Xform "tn__object_2024_XH" (
                            displayName = "object_2.024"
                            instanceable = true
                            prepend references = @./instances.usda@</Instances/tn__object_2024_XH>
                        )
                        {
                            quatd xformOp:orient = (0.7071067691, -0.000002556955906, -0.00000255695636, 0.7071067691)
                            double3 xformOp:scale = (0.000999987009, 0.000999987009, 0.000999987009)
                            double3 xformOp:translate = (-0.006590805948, -0.0000982890997, -0.02498593926)
                            uniform token[] xformOpOrder = ["xformOp:translate", "xformOp:orient", "xformOp:scale"]
                        }

                        def Xform "tn__object_2025_XH" (
                            displayName = "object_2.025"
                            instanceable = true
                            prepend references = @./instances.usda@</Instances/tn__object_2025_XH>
                        )
                        {
                            quatd xformOp:orient = (0.7071067691, -0.000002556955906, -0.00000255695636, 0.7071067691)
                            double3 xformOp:scale = (0.000999987009, 0.000999987009, 0.000999987009)
                            double3 xformOp:translate = (-0.006590805948, -0.0000982890997, -0.02498593926)
                            uniform token[] xformOpOrder = ["xformOp:translate", "xformOp:orient", "xformOp:scale"]
                        }

                        def Xform "tn__object_2026_XH" (
                            displayName = "object_2.026"
                            instanceable = true
                            prepend references = @./instances.usda@</Instances/tn__object_2026_XH>
                        )
                        {
                            quatd xformOp:orient = (0.7071067691, -0.000002556955906, -0.00000255695636, 0.7071067691)
                            double3 xformOp:scale = (0.000999987009, 0.000999987009, 0.000999987009)
                            double3 xformOp:translate = (-0.006590805948, -0.0000982890997, -0.02498593926)
                            uniform token[] xformOpOrder = ["xformOp:translate", "xformOp:orient", "xformOp:scale"]
                        }

                        def Xform "tn__object_2027_XH" (
                            displayName = "object_2.027"
                            instanceable = true
                            prepend references = @./instances.usda@</Instances/tn__object_2027_XH>
                        )
                        {
                            quatd xformOp:orient = (0.7071067691, -0.000002556955906, -0.00000255695636, 0.7071067691)
                            double3 xformOp:scale = (0.000999987009, 0.000999987009, 0.000999987009)
                            double3 xformOp:translate = (-0.006590805948, -0.0000982890997, -0.02498593926)
                            uniform token[] xformOpOrder = ["xformOp:translate", "xformOp:orient", "xformOp:scale"]
                        }

                        def Xform "tn__object_2028_XH" (
                            displayName = "object_2.028"
                            instanceable = true
                            prepend references = @./instances.usda@</Instances/tn__object_2028_XH>
                        )
                        {
                            quatd xformOp:orient = (0.7071067691, -0.000002556955906, -0.00000255695636, 0.7071067691)
                            double3 xformOp:scale = (0.000999987009, 0.000999987009, 0.000999987009)
                            double3 xformOp:translate = (-0.006590805948, -0.0000982890997, -0.02498593926)
                            uniform token[] xformOpOrder = ["xformOp:translate", "xformOp:orient", "xformOp:scale"]
                        }

                        def Xform "tn__object_2029_XH" (
                            displayName = "object_2.029"
                            instanceable = true
                            prepend references = @./instances.usda@</Instances/tn__object_2029_XH>
                        )
                        {
                            quatd xformOp:orient = (0.7071067691, -0.000002556955906, -0.00000255695636, 0.7071067691)
                            double3 xformOp:scale = (0.000999987009, 0.000999987009, 0.000999987009)
                            double3 xformOp:translate = (-0.006590805948, -0.0000982890997, -0.02498593926)
                            uniform token[] xformOpOrder = ["xformOp:translate", "xformOp:orient", "xformOp:scale"]
                        }

                        def Xform "tn__object_2030_XH" (
                            displayName = "object_2.030"
                            instanceable = true
                            prepend references = @./instances.usda@</Instances/tn__object_2030_XH>
                        )
                        {
                            quatd xformOp:orient = (0.7071067691, -0.000002556955906, -0.00000255695636, 0.7071067691)
                            double3 xformOp:scale = (0.000999987009, 0.000999987009, 0.000999987009)
                            double3 xformOp:translate = (-0.006590805948, -0.0000982890997, -0.02498593926)
                            uniform token[] xformOpOrder = ["xformOp:translate", "xformOp:orient", "xformOp:scale"]
                        }

                        def Xform "tn__object_2031_XH" (
                            displayName = "object_2.031"
                            instanceable = true
                            prepend references = @./instances.usda@</Instances/tn__object_2031_XH>
                        )
                        {
                            quatd xformOp:orient = (0.7071067691, -0.000002556955906, -0.00000255695636, 0.7071067691)
                            double3 xformOp:scale = (0.000999987009, 0.000999987009, 0.000999987009)
                            double3 xformOp:translate = (-0.006590805948, -0.0000982890997, -0.02498593926)
                            uniform token[] xformOpOrder = ["xformOp:translate", "xformOp:orient", "xformOp:scale"]
                        }

                        def Xform "tn__object_2032_XH" (
                            displayName = "object_2.032"
                            instanceable = true
                            prepend references = @./instances.usda@</Instances/tn__object_2032_XH>
                        )
                        {
                            quatd xformOp:orient = (0.7071067691, -0.000002556955906, -0.00000255695636, 0.7071067691)
                            double3 xformOp:scale = (0.000999987009, 0.000999987009, 0.000999987009)
                            double3 xformOp:translate = (-0.006590805948, -0.0000982890997, -0.02498593926)
                            uniform token[] xformOpOrder = ["xformOp:translate", "xformOp:orient", "xformOp:scale"]
                        }

                        def Xform "tn__object_2033_XH" (
                            displayName = "object_2.033"
                            instanceable = true
                            prepend references = @./instances.usda@</Instances/tn__object_2033_XH>
                        )
                        {
                            quatd xformOp:orient = (0.7071067691, -0.000002556955906, -0.00000255695636, 0.7071067691)
                            double3 xformOp:scale = (0.000999987009, 0.000999987009, 0.000999987009)
                            double3 xformOp:translate = (-0.006590805948, -0.0000982890997, -0.02498593926)
                            uniform token[] xformOpOrder = ["xformOp:translate", "xformOp:orient", "xformOp:scale"]
                        }

                        def Xform "tn__object_2034_XH" (
                            displayName = "object_2.034"
                            instanceable = true
                            prepend references = @./instances.usda@</Instances/tn__object_2034_XH>
                        )
                        {
                            quatd xformOp:orient = (0.7071067691, -0.000002556955906, -0.00000255695636, 0.7071067691)
                            double3 xformOp:scale = (0.000999987009, 0.000999987009, 0.000999987009)
                            double3 xformOp:translate = (-0.006590805948, -0.0000982890997, -0.02498593926)
                            uniform token[] xformOpOrder = ["xformOp:translate", "xformOp:orient", "xformOp:scale"]
                        }

                        def Xform "tn__object_2035_XH" (
                            displayName = "object_2.035"
                            instanceable = true
                            prepend references = @./instances.usda@</Instances/tn__object_2035_XH>
                        )
                        {
                            quatd xformOp:orient = (0.7071067691, -0.000002556955906, -0.00000255695636, 0.7071067691)
                            double3 xformOp:scale = (0.000999987009, 0.000999987009, 0.000999987009)
                            double3 xformOp:translate = (-0.006590805948, -0.0000982890997, -0.02498593926)
                            uniform token[] xformOpOrder = ["xformOp:translate", "xformOp:orient", "xformOp:scale"]
                        }

                        def Xform "tn__object_2036_XH" (
                            displayName = "object_2.036"
                            instanceable = true
                            prepend references = @./instances.usda@</Instances/tn__object_2036_XH>
                        )
                        {
                            quatd xformOp:orient = (0.7071067691, -0.000002556955906, -0.00000255695636, 0.7071067691)
                            double3 xformOp:scale = (0.000999987009, 0.000999987009, 0.000999987009)
                            double3 xformOp:translate = (-0.006590805948, -0.0000982890997, -0.02498593926)
                            uniform token[] xformOpOrder = ["xformOp:translate", "xformOp:orient", "xformOp:scale"]
                        }

                        def Xform "tn__object_2037_XH" (
                            displayName = "object_2.037"
                            instanceable = true
                            prepend references = @./instances.usda@</Instances/tn__object_2037_XH>
                        )
                        {
                            quatd xformOp:orient = (0.7071067691, -0.000002556955906, -0.00000255695636, 0.7071067691)
                            double3 xformOp:scale = (0.000999987009, 0.000999987009, 0.000999987009)
                            double3 xformOp:translate = (-0.006590805948, -0.0000982890997, -0.02498593926)
                            uniform token[] xformOpOrder = ["xformOp:translate", "xformOp:orient", "xformOp:scale"]
                        }

                        def Xform "tn__object_2038_XH" (
                            displayName = "object_2.038"
                            instanceable = true
                            prepend references = @./instances.usda@</Instances/tn__object_2038_XH>
                        )
                        {
                            quatd xformOp:orient = (0.7071067691, -0.000002556955906, -0.00000255695636, 0.7071067691)
                            double3 xformOp:scale = (0.000999987009, 0.000999987009, 0.000999987009)
                            double3 xformOp:translate = (-0.006590805948, -0.0000982890997, -0.02498593926)
                            uniform token[] xformOpOrder = ["xformOp:translate", "xformOp:orient", "xformOp:scale"]
                        }

                        def Xform "tn__object_2039_XH" (
                            displayName = "object_2.039"
                            instanceable = true
                            prepend references = @./instances.usda@</Instances/tn__object_2039_XH>
                        )
                        {
                            quatd xformOp:orient = (0.7071067691, -0.000002556955906, -0.00000255695636, 0.7071067691)
                            double3 xformOp:scale = (0.000999987009, 0.000999987009, 0.000999987009)
                            double3 xformOp:translate = (-0.006590805948, -0.0000982890997, -0.02498593926)
                            uniform token[] xformOpOrder = ["xformOp:translate", "xformOp:orient", "xformOp:scale"]
                        }

                        def Xform "tn__object_2040_XH" (
                            displayName = "object_2.040"
                            instanceable = true
                            prepend references = @./instances.usda@</Instances/tn__object_2040_XH>
                        )
                        {
                            quatd xformOp:orient = (0.7071067691, -0.000002556955906, -0.00000255695636, 0.7071067691)
                            double3 xformOp:scale = (0.000999987009, 0.000999987009, 0.000999987009)
                            double3 xformOp:translate = (-0.006590805948, -0.0000982890997, -0.02498593926)
                            uniform token[] xformOpOrder = ["xformOp:translate", "xformOp:orient", "xformOp:scale"]
                        }

                        def Xform "tn__object_2041_XH" (
                            displayName = "object_2.041"
                            instanceable = true
                            prepend references = @./instances.usda@</Instances/tn__object_2041_XH>
                        )
                        {
                            quatd xformOp:orient = (0.7071067691, -0.000002556955906, -0.00000255695636, 0.7071067691)
                            double3 xformOp:scale = (0.000999987009, 0.000999987009, 0.000999987009)
                            double3 xformOp:translate = (-0.006590805948, -0.0000982890997, -0.02498593926)
                            uniform token[] xformOpOrder = ["xformOp:translate", "xformOp:orient", "xformOp:scale"]
                        }

                        def Xform "tn__object_2042_XH" (
                            displayName = "object_2.042"
                            instanceable = true
                            prepend references = @./instances.usda@</Instances/tn__object_2042_XH>
                        )
                        {
                            quatd xformOp:orient = (0.7071067691, -0.000002556955906, -0.00000255695636, 0.7071067691)
                            double3 xformOp:scale = (0.000999987009, 0.000999987009, 0.000999987009)
                            double3 xformOp:translate = (-0.006590805948, -0.0000982890997, -0.02498593926)
                            uniform token[] xformOpOrder = ["xformOp:translate", "xformOp:orient", "xformOp:scale"]
                        }

                        def Xform "tn__object_2043_XH" (
                            displayName = "object_2.043"
                            instanceable = true
                            prepend references = @./instances.usda@</Instances/tn__object_2043_XH>
                        )
                        {
                            quatd xformOp:orient = (0.7071067691, -0.000002556955906, -0.00000255695636, 0.7071067691)
                            double3 xformOp:scale = (0.000999987009, 0.000999987009, 0.000999987009)
                            double3 xformOp:translate = (-0.006590805948, -0.0000982890997, -0.02498593926)
                            uniform token[] xformOpOrder = ["xformOp:translate", "xformOp:orient", "xformOp:scale"]
                        }

                        def Xform "tn__object_2044_XH" (
                            displayName = "object_2.044"
                            instanceable = true
                            prepend references = @./instances.usda@</Instances/tn__object_2044_XH>
                        )
                        {
                            quatd xformOp:orient = (0.7071067691, -0.000002556955906, -0.00000255695636, 0.7071067691)
                            double3 xformOp:scale = (0.000999987009, 0.000999987009, 0.000999987009)
                            double3 xformOp:translate = (-0.006590805948, -0.0000982890997, -0.02498593926)
                            uniform token[] xformOpOrder = ["xformOp:translate", "xformOp:orient", "xformOp:scale"]
                        }

                        def Xform "tn__object_2045_XH" (
                            displayName = "object_2.045"
                            instanceable = true
                            prepend references = @./instances.usda@</Instances/tn__object_2045_XH>
                        )
                        {
                            quatd xformOp:orient = (0.7071067691, -0.000002556955906, -0.00000255695636, 0.7071067691)
                            double3 xformOp:scale = (0.000999987009, 0.000999987009, 0.000999987009)
                            double3 xformOp:translate = (-0.006590805948, -0.0000982890997, -0.02498593926)
                            uniform token[] xformOpOrder = ["xformOp:translate", "xformOp:orient", "xformOp:scale"]
                        }

                        def Xform "tn__object_2046_XH" (
                            displayName = "object_2.046"
                            instanceable = true
                            prepend references = @./instances.usda@</Instances/tn__object_2046_XH>
                        )
                        {
                            quatd xformOp:orient = (0.7071067691, -0.000002556955906, -0.00000255695636, 0.7071067691)
                            double3 xformOp:scale = (0.000999987009, 0.000999987009, 0.000999987009)
                            double3 xformOp:translate = (-0.006590805948, -0.0000982890997, -0.02498593926)
                            uniform token[] xformOpOrder = ["xformOp:translate", "xformOp:orient", "xformOp:scale"]
                        }

                        def Xform "tn__object_2047_XH" (
                            displayName = "object_2.047"
                            instanceable = true
                            prepend references = @./instances.usda@</Instances/tn__object_2047_XH>
                        )
                        {
                            quatd xformOp:orient = (0.7071067691, -0.000002556955906, -0.00000255695636, 0.7071067691)
                            double3 xformOp:scale = (0.000999987009, 0.000999987009, 0.000999987009)
                            double3 xformOp:translate = (-0.006590805948, -0.0000982890997, -0.02498593926)
                            uniform token[] xformOpOrder = ["xformOp:translate", "xformOp:orient", "xformOp:scale"]
                        }

                        def Xform "tn__object_2048_XH" (
                            displayName = "object_2.048"
                            instanceable = true
                            prepend references = @./instances.usda@</Instances/tn__object_2048_XH>
                        )
                        {
                            quatd xformOp:orient = (0.7071067691, -0.000002556955906, -0.00000255695636, 0.7071067691)
                            double3 xformOp:scale = (0.000999987009, 0.000999987009, 0.000999987009)
                            double3 xformOp:translate = (-0.006590805948, -0.0000982890997, -0.02498593926)
                            uniform token[] xformOpOrder = ["xformOp:translate", "xformOp:orient", "xformOp:scale"]
                        }

                        def Xform "tn__object_2049_XH" (
                            displayName = "object_2.049"
                            instanceable = true
                            prepend references = @./instances.usda@</Instances/tn__object_2049_XH>
                        )
                        {
                            quatd xformOp:orient = (0.7071067691, -0.000002556955906, -0.00000255695636, 0.7071067691)
                            double3 xformOp:scale = (0.000999987009, 0.000999987009, 0.000999987009)
                            double3 xformOp:translate = (-0.006590805948, -0.0000982890997, -0.02498593926)
                            uniform token[] xformOpOrder = ["xformOp:translate", "xformOp:orient", "xformOp:scale"]
                        }

                        def Xform "tn__object_2050_XH" (
                            displayName = "object_2.050"
                            instanceable = true
                            prepend references = @./instances.usda@</Instances/tn__object_2050_XH>
                        )
                        {
                            quatd xformOp:orient = (0.7071067691, -0.000002556955906, -0.00000255695636, 0.7071067691)
                            double3 xformOp:scale = (0.000999987009, 0.000999987009, 0.000999987009)
                            double3 xformOp:translate = (-0.006590805948, -0.0000982890997, -0.02498593926)
                            uniform token[] xformOpOrder = ["xformOp:translate", "xformOp:orient", "xformOp:scale"]
                        }

                        def Xform "tn__object_2051_XH" (
                            displayName = "object_2.051"
                            instanceable = true
                            prepend references = @./instances.usda@</Instances/tn__object_2051_XH>
                        )
                        {
                            quatd xformOp:orient = (0.7071067691, -0.000002556955906, -0.00000255695636, 0.7071067691)
                            double3 xformOp:scale = (0.000999987009, 0.000999987009, 0.000999987009)
                            double3 xformOp:translate = (-0.006590805948, -0.0000982890997, -0.02498593926)
                            uniform token[] xformOpOrder = ["xformOp:translate", "xformOp:orient", "xformOp:scale"]
                        }

                        def Xform "tn__object_2052_XH" (
                            displayName = "object_2.052"
                            instanceable = true
                            prepend references = @./instances.usda@</Instances/tn__object_2052_XH>
                        )
                        {
                            quatd xformOp:orient = (0.7071067691, -0.000002556955906, -0.00000255695636, 0.7071067691)
                            double3 xformOp:scale = (0.000999987009, 0.000999987009, 0.000999987009)
                            double3 xformOp:translate = (-0.006590805948, -0.0000982890997, -0.02498593926)
                            uniform token[] xformOpOrder = ["xformOp:translate", "xformOp:orient", "xformOp:scale"]
                        }

                        def Xform "tn__object_2053_XH" (
                            displayName = "object_2.053"
                            instanceable = true
                            prepend references = @./instances.usda@</Instances/tn__object_2053_XH>
                        )
                        {
                            quatd xformOp:orient = (0.7071067691, -0.000002556955906, -0.00000255695636, 0.7071067691)
                            double3 xformOp:scale = (0.000999987009, 0.000999987009, 0.000999987009)
                            double3 xformOp:translate = (-0.006590805948, -0.0000982890997, -0.02498593926)
                            uniform token[] xformOpOrder = ["xformOp:translate", "xformOp:orient", "xformOp:scale"]
                        }

                        def Xform "tn__object_2054_XH" (
                            displayName = "object_2.054"
                            instanceable = true
                            prepend references = @./instances.usda@</Instances/tn__object_2054_XH>
                        )
                        {
                            quatd xformOp:orient = (0.7071067691, -0.000002556955906, -0.00000255695636, 0.7071067691)
                            double3 xformOp:scale = (0.000999987009, 0.000999987009, 0.000999987009)
                            double3 xformOp:translate = (-0.006590805948, -0.0000982890997, -0.02498593926)
                            uniform token[] xformOpOrder = ["xformOp:translate", "xformOp:orient", "xformOp:scale"]
                        }

                        def Xform "tn__object_2055_XH" (
                            displayName = "object_2.055"
                            instanceable = true
                            prepend references = @./instances.usda@</Instances/tn__object_2055_XH>
                        )
                        {
                            quatd xformOp:orient = (0.7071067691, -0.000002556955906, -0.00000255695636, 0.7071067691)
                            double3 xformOp:scale = (0.000999987009, 0.000999987009, 0.000999987009)
                            double3 xformOp:translate = (-0.006590805948, -0.0000982890997, -0.02498593926)
                            uniform token[] xformOpOrder = ["xformOp:translate", "xformOp:orient", "xformOp:scale"]
                        }

                        def Xform "tn__object_2056_XH" (
                            displayName = "object_2.056"
                            instanceable = true
                            prepend references = @./instances.usda@</Instances/tn__object_2056_XH>
                        )
                        {
                            quatd xformOp:orient = (0.7071067691, -0.000002556955906, -0.00000255695636, 0.7071067691)
                            double3 xformOp:scale = (0.000999987009, 0.000999987009, 0.000999987009)
                            double3 xformOp:translate = (-0.006590805948, -0.0000982890997, -0.02498593926)
                            uniform token[] xformOpOrder = ["xformOp:translate", "xformOp:orient", "xformOp:scale"]
                        }

                        def Xform "tn__object_2057_XH" (
                            displayName = "object_2.057"
                            instanceable = true
                            prepend references = @./instances.usda@</Instances/tn__object_2057_XH>
                        )
                        {
                            quatd xformOp:orient = (0.7071067691, -0.000002556955906, -0.00000255695636, 0.7071067691)
                            double3 xformOp:scale = (0.000999987009, 0.000999987009, 0.000999987009)
                            double3 xformOp:translate = (-0.006590805948, -0.0000982890997, -0.02498593926)
                            uniform token[] xformOpOrder = ["xformOp:translate", "xformOp:orient", "xformOp:scale"]
                        }

                        def Xform "tn__object_2058_XH" (
                            displayName = "object_2.058"
                            instanceable = true
                            prepend references = @./instances.usda@</Instances/tn__object_2058_XH>
                        )
                        {
                            quatd xformOp:orient = (0.7071067691, -0.000002556955906, -0.00000255695636, 0.7071067691)
                            double3 xformOp:scale = (0.000999987009, 0.000999987009, 0.000999987009)
                            double3 xformOp:translate = (-0.006590805948, -0.0000982890997, -0.02498593926)
                            uniform token[] xformOpOrder = ["xformOp:translate", "xformOp:orient", "xformOp:scale"]
                        }

                        def Xform "tn__object_2059_XH" (
                            displayName = "object_2.059"
                            instanceable = true
                            prepend references = @./instances.usda@</Instances/tn__object_2059_XH>
                        )
                        {
                            quatd xformOp:orient = (0.7071067691, -0.000002556955906, -0.00000255695636, 0.7071067691)
                            double3 xformOp:scale = (0.000999987009, 0.000999987009, 0.000999987009)
                            double3 xformOp:translate = (-0.006590805948, -0.0000982890997, -0.02498593926)
                            uniform token[] xformOpOrder = ["xformOp:translate", "xformOp:orient", "xformOp:scale"]
                        }

                        def Xform "tn__object_2060_XH" (
                            displayName = "object_2.060"
                            instanceable = true
                            prepend references = @./instances.usda@</Instances/tn__object_2060_XH>
                        )
                        {
                            quatd xformOp:orient = (0.7071067691, -0.000002556955906, -0.00000255695636, 0.7071067691)
                            double3 xformOp:scale = (0.000999987009, 0.000999987009, 0.000999987009)
                            double3 xformOp:translate = (-0.006590805948, -0.0000982890997, -0.02498593926)
                            uniform token[] xformOpOrder = ["xformOp:translate", "xformOp:orient", "xformOp:scale"]
                        }

                        def Xform "tn__object_2061_XH" (
                            displayName = "object_2.061"
                            instanceable = true
                            prepend references = @./instances.usda@</Instances/tn__object_2061_XH>
                        )
                        {
                            quatd xformOp:orient = (0.7071067691, -0.000002556955906, -0.00000255695636, 0.7071067691)
                            double3 xformOp:scale = (0.000999987009, 0.000999987009, 0.000999987009)
                            double3 xformOp:translate = (-0.006590805948, -0.0000982890997, -0.02498593926)
                            uniform token[] xformOpOrder = ["xformOp:translate", "xformOp:orient", "xformOp:scale"]
                        }

                        def Xform "tn__object_2062_XH" (
                            displayName = "object_2.062"
                            instanceable = true
                            prepend references = @./instances.usda@</Instances/tn__object_2062_XH>
                        )
                        {
                            quatd xformOp:orient = (0.7071067691, -0.000002556955906, -0.00000255695636, 0.7071067691)
                            double3 xformOp:scale = (0.000999987009, 0.000999987009, 0.000999987009)
                            double3 xformOp:translate = (-0.006590805948, -0.0000982890997, -0.02498593926)
                            uniform token[] xformOpOrder = ["xformOp:translate", "xformOp:orient", "xformOp:scale"]
                        }

                        def Xform "tn__object_2063_XH" (
                            displayName = "object_2.063"
                            instanceable = true
                            prepend references = @./instances.usda@</Instances/tn__object_2063_XH>
                        )
                        {
                            quatd xformOp:orient = (0.7071067691, -0.000002556955906, -0.00000255695636, 0.7071067691)
                            double3 xformOp:scale = (0.000999987009, 0.000999987009, 0.000999987009)
                            double3 xformOp:translate = (-0.006590805948, -0.0000982890997, -0.02498593926)
                            uniform token[] xformOpOrder = ["xformOp:translate", "xformOp:orient", "xformOp:scale"]
                        }

                        def Xform "tn__object_2064_XH" (
                            displayName = "object_2.064"
                            instanceable = true
                            prepend references = @./instances.usda@</Instances/tn__object_2064_XH>
                        )
                        {
                            quatd xformOp:orient = (0.7071067691, -0.000002556955906, -0.00000255695636, 0.7071067691)
                            double3 xformOp:scale = (0.000999987009, 0.000999987009, 0.000999987009)
                            double3 xformOp:translate = (-0.006590805948, -0.0000982890997, -0.02498593926)
                            uniform token[] xformOpOrder = ["xformOp:translate", "xformOp:orient", "xformOp:scale"]
                        }

                        def Xform "tn__object_2065_XH" (
                            displayName = "object_2.065"
                            instanceable = true
                            prepend references = @./instances.usda@</Instances/tn__object_2065_XH>
                        )
                        {
                            quatd xformOp:orient = (0.7071067691, -0.000002556955906, -0.00000255695636, 0.7071067691)
                            double3 xformOp:scale = (0.000999987009, 0.000999987009, 0.000999987009)
                            double3 xformOp:translate = (-0.006590805948, -0.0000982890997, -0.02498593926)
                            uniform token[] xformOpOrder = ["xformOp:translate", "xformOp:orient", "xformOp:scale"]
                        }

                        def Xform "tn__object_2066_XH" (
                            displayName = "object_2.066"
                            instanceable = true
                            prepend references = @./instances.usda@</Instances/tn__object_2066_XH>
                        )
                        {
                            quatd xformOp:orient = (0.7071067691, -0.000002556955906, -0.00000255695636, 0.7071067691)
                            double3 xformOp:scale = (0.000999987009, 0.000999987009, 0.000999987009)
                            double3 xformOp:translate = (-0.006590805948, -0.0000982890997, -0.02498593926)
                            uniform token[] xformOpOrder = ["xformOp:translate", "xformOp:orient", "xformOp:scale"]
                        }

                        def Xform "tn__object_2067_XH" (
                            displayName = "object_2.067"
                            instanceable = true
                            prepend references = @./instances.usda@</Instances/tn__object_2067_XH>
                        )
                        {
                            quatd xformOp:orient = (0.7071067691, -0.000002556955906, -0.00000255695636, 0.7071067691)
                            double3 xformOp:scale = (0.000999987009, 0.000999987009, 0.000999987009)
                            double3 xformOp:translate = (-0.006590805948, -0.0000982890997, -0.02498593926)
                            uniform token[] xformOpOrder = ["xformOp:translate", "xformOp:orient", "xformOp:scale"]
                        }

                        def Xform "tn__object_2068_XH" (
                            displayName = "object_2.068"
                            instanceable = true
                            prepend references = @./instances.usda@</Instances/tn__object_2068_XH>
                        )
                        {
                            quatd xformOp:orient = (0.7071067691, -0.000002556955906, -0.00000255695636, 0.7071067691)
                            double3 xformOp:scale = (0.000999987009, 0.000999987009, 0.000999987009)
                            double3 xformOp:translate = (-0.006590805948, -0.0000982890997, -0.02498593926)
                            uniform token[] xformOpOrder = ["xformOp:translate", "xformOp:orient", "xformOp:scale"]
                        }

                        def Xform "tn__object_2070_XH" (
                            displayName = "object_2.070"
                            instanceable = true
                            prepend references = @./instances.usda@</Instances/tn__object_2070_XH>
                        )
                        {
                            quatd xformOp:orient = (0.7071067691, -0.000002556955906, -0.00000255695636, 0.7071067691)
                            double3 xformOp:scale = (0.000999987009, 0.000999987009, 0.000999987009)
                            double3 xformOp:translate = (-0.006590805948, -0.0000982890997, -0.02498593926)
                            uniform token[] xformOpOrder = ["xformOp:translate", "xformOp:orient", "xformOp:scale"]
                        }

                        def Xform "tn__object_2071_XH" (
                            displayName = "object_2.071"
                            instanceable = true
                            prepend references = @./instances.usda@</Instances/tn__object_2071_XH>
                        )
                        {
                            quatd xformOp:orient = (0.7071067691, -0.000002556955906, -0.00000255695636, 0.7071067691)
                            double3 xformOp:scale = (0.000999987009, 0.000999987009, 0.000999987009)
                            double3 xformOp:translate = (-0.006590805948, -0.0000982890997, -0.02498593926)
                            uniform token[] xformOpOrder = ["xformOp:translate", "xformOp:orient", "xformOp:scale"]
                        }

                        def Xform "tn__object_2072_XH" (
                            displayName = "object_2.072"
                            instanceable = true
                            prepend references = @./instances.usda@</Instances/tn__object_2072_XH>
                        )
                        {
                            quatd xformOp:orient = (0.7071067691, -0.000002556955906, -0.00000255695636, 0.7071067691)
                            double3 xformOp:scale = (0.000999987009, 0.000999987009, 0.000999987009)
                            double3 xformOp:translate = (-0.006590805948, -0.0000982890997, -0.02498593926)
                            uniform token[] xformOpOrder = ["xformOp:translate", "xformOp:orient", "xformOp:scale"]
                        }

                        def Xform "tn__object_2073_XH" (
                            displayName = "object_2.073"
                            instanceable = true
                            prepend references = @./instances.usda@</Instances/tn__object_2073_XH>
                        )
                        {
                            quatd xformOp:orient = (0.7071067691, -0.000002556955906, -0.00000255695636, 0.7071067691)
                            double3 xformOp:scale = (0.000999987009, 0.000999987009, 0.000999987009)
                            double3 xformOp:translate = (-0.006590805948, -0.0000982890997, -0.02498593926)
                            uniform token[] xformOpOrder = ["xformOp:translate", "xformOp:orient", "xformOp:scale"]
                        }

                        def Xform "tn__object_2074_XH" (
                            displayName = "object_2.074"
                            instanceable = true
                            prepend references = @./instances.usda@</Instances/tn__object_2074_XH>
                        )
                        {
                            quatd xformOp:orient = (0.7071067691, -0.000002556955906, -0.00000255695636, 0.7071067691)
                            double3 xformOp:scale = (0.000999987009, 0.000999987009, 0.000999987009)
                            double3 xformOp:translate = (-0.006590805948, -0.0000982890997, -0.02498593926)
                            uniform token[] xformOpOrder = ["xformOp:translate", "xformOp:orient", "xformOp:scale"]
                        }

                        def Xform "tn__object_2076_XH" (
                            displayName = "object_2.076"
                            instanceable = true
                            prepend references = @./instances.usda@</Instances/tn__object_2076_XH>
                        )
                        {
                            quatd xformOp:orient = (0.7071067691, -0.000002556955906, -0.00000255695636, 0.7071067691)
                            double3 xformOp:scale = (0.000999987009, 0.000999987009, 0.000999987009)
                            double3 xformOp:translate = (-0.006590805948, -0.0000982890997, -0.02498593926)
                            uniform token[] xformOpOrder = ["xformOp:translate", "xformOp:orient", "xformOp:scale"]
                        }

                        def Xform "tn__object_2077_XH" (
                            displayName = "object_2.077"
                            instanceable = true
                            prepend references = @./instances.usda@</Instances/tn__object_2077_XH>
                        )
                        {
                            quatd xformOp:orient = (0.7071067691, -0.000002556955906, -0.00000255695636, 0.7071067691)
                            double3 xformOp:scale = (0.000999987009, 0.000999987009, 0.000999987009)
                            double3 xformOp:translate = (-0.006590805948, -0.0000982890997, -0.02498593926)
                            uniform token[] xformOpOrder = ["xformOp:translate", "xformOp:orient", "xformOp:scale"]
                        }

                        def Xform "tn__object_2078_XH" (
                            displayName = "object_2.078"
                            instanceable = true
                            prepend references = @./instances.usda@</Instances/tn__object_2078_XH>
                        )
                        {
                            quatd xformOp:orient = (0.7071067691, -0.000002556955906, -0.00000255695636, 0.7071067691)
                            double3 xformOp:scale = (0.000999987009, 0.000999987009, 0.000999987009)
                            double3 xformOp:translate = (-0.006590805948, -0.0000982890997, -0.02498593926)
                            uniform token[] xformOpOrder = ["xformOp:translate", "xformOp:orient", "xformOp:scale"]
                        }

                        def Xform "tn__object_2079_XH" (
                            displayName = "object_2.079"
                            instanceable = true
                            prepend references = @./instances.usda@</Instances/tn__object_2079_XH>
                        )
                        {
                            quatd xformOp:orient = (0.7071067691, -0.000002556955906, -0.00000255695636, 0.7071067691)
                            double3 xformOp:scale = (0.000999987009, 0.000999987009, 0.000999987009)
                            double3 xformOp:translate = (-0.006590805948, -0.0000982890997, -0.02498593926)
                            uniform token[] xformOpOrder = ["xformOp:translate", "xformOp:orient", "xformOp:scale"]
                        }

                        def Xform "tn__object_2080_XH" (
                            displayName = "object_2.080"
                            instanceable = true
                            prepend references = @./instances.usda@</Instances/tn__object_2080_XH>
                        )
                        {
                            quatd xformOp:orient = (0.7071067691, -0.000002556955906, -0.00000255695636, 0.7071067691)
                            double3 xformOp:scale = (0.000999987009, 0.000999987009, 0.000999987009)
                            double3 xformOp:translate = (-0.006590805948, -0.0000982890997, -0.02498593926)
                            uniform token[] xformOpOrder = ["xformOp:translate", "xformOp:orient", "xformOp:scale"]
                        }

                        def Xform "tn__object_2081_XH" (
                            displayName = "object_2.081"
                            instanceable = true
                            prepend references = @./instances.usda@</Instances/tn__object_2081_XH>
                        )
                        {
                            quatd xformOp:orient = (0.7071067691, -0.000002556955906, -0.00000255695636, 0.7071067691)
                            double3 xformOp:scale = (0.000999987009, 0.000999987009, 0.000999987009)
                            double3 xformOp:translate = (-0.006590805948, -0.0000982890997, -0.02498593926)
                            uniform token[] xformOpOrder = ["xformOp:translate", "xformOp:orient", "xformOp:scale"]
                        }

                        def Xform "tn__object_2082_XH" (
                            displayName = "object_2.082"
                            instanceable = true
                            prepend references = @./instances.usda@</Instances/tn__object_2082_XH>
                        )
                        {
                            quatd xformOp:orient = (0.7071067691, -0.000002556955906, -0.00000255695636, 0.7071067691)
                            double3 xformOp:scale = (0.000999987009, 0.000999987009, 0.000999987009)
                            double3 xformOp:translate = (-0.006590805948, -0.0000982890997, -0.02498593926)
                            uniform token[] xformOpOrder = ["xformOp:translate", "xformOp:orient", "xformOp:scale"]
                        }

                        def Xform "tn__object_2083_XH" (
                            displayName = "object_2.083"
                            instanceable = true
                            prepend references = @./instances.usda@</Instances/tn__object_2083_XH>
                        )
                        {
                            quatd xformOp:orient = (0.7071067691, -0.000002556955906, -0.00000255695636, 0.7071067691)
                            double3 xformOp:scale = (0.000999987009, 0.000999987009, 0.000999987009)
                            double3 xformOp:translate = (-0.006590805948, -0.0000982890997, -0.02498593926)
                            uniform token[] xformOpOrder = ["xformOp:translate", "xformOp:orient", "xformOp:scale"]
                        }

                        def Xform "tn__object_2084_XH" (
                            displayName = "object_2.084"
                            instanceable = true
                            prepend references = @./instances.usda@</Instances/tn__object_2084_XH>
                        )
                        {
                            quatd xformOp:orient = (0.7071067691, -0.000002556955906, -0.00000255695636, 0.7071067691)
                            double3 xformOp:scale = (0.000999987009, 0.000999987009, 0.000999987009)
                            double3 xformOp:translate = (-0.006590805948, -0.0000982890997, -0.02498593926)
                            uniform token[] xformOpOrder = ["xformOp:translate", "xformOp:orient", "xformOp:scale"]
                        }

                        def Xform "tn__object_2085_XH" (
                            displayName = "object_2.085"
                            instanceable = true
                            prepend references = @./instances.usda@</Instances/tn__object_2085_XH>
                        )
                        {
                            quatd xformOp:orient = (0.7071067691, -0.000002556955906, -0.00000255695636, 0.7071067691)
                            double3 xformOp:scale = (0.000999987009, 0.000999987009, 0.000999987009)
                            double3 xformOp:translate = (-0.006590805948, -0.0000982890997, -0.02498593926)
                            uniform token[] xformOpOrder = ["xformOp:translate", "xformOp:orient", "xformOp:scale"]
                        }

                        def Xform "tn__object_2086_XH" (
                            displayName = "object_2.086"
                            instanceable = true
                            prepend references = @./instances.usda@</Instances/tn__object_2086_XH>
                        )
                        {
                            quatd xformOp:orient = (0.7071067691, -0.000002556955906, -0.00000255695636, 0.7071067691)
                            double3 xformOp:scale = (0.000999987009, 0.000999987009, 0.000999987009)
                            double3 xformOp:translate = (-0.006590805948, -0.0000982890997, -0.02498593926)
                            uniform token[] xformOpOrder = ["xformOp:translate", "xformOp:orient", "xformOp:scale"]
                        }

                        def Xform "tn__object_2087_XH" (
                            displayName = "object_2.087"
                            instanceable = true
                            prepend references = @./instances.usda@</Instances/tn__object_2087_XH>
                        )
                        {
                            quatd xformOp:orient = (0.7071067691, -0.000002556955906, -0.00000255695636, 0.7071067691)
                            double3 xformOp:scale = (0.000999987009, 0.000999987009, 0.000999987009)
                            double3 xformOp:translate = (-0.006590805948, -0.0000982890997, -0.02498593926)
                            uniform token[] xformOpOrder = ["xformOp:translate", "xformOp:orient", "xformOp:scale"]
                        }

                        def Xform "tn__object_2088_XH" (
                            displayName = "object_2.088"
                            instanceable = true
                            prepend references = @./instances.usda@</Instances/tn__object_2088_XH>
                        )
                        {
                            quatd xformOp:orient = (0.7071067691, -0.000002556955906, -0.00000255695636, 0.7071067691)
                            double3 xformOp:scale = (0.000999987009, 0.000999987009, 0.000999987009)
                            double3 xformOp:translate = (-0.006590805948, -0.0000982890997, -0.02498593926)
                            uniform token[] xformOpOrder = ["xformOp:translate", "xformOp:orient", "xformOp:scale"]
                        }

                        def Xform "tn__object_2089_XH" (
                            displayName = "object_2.089"
                            instanceable = true
                            prepend references = @./instances.usda@</Instances/tn__object_2089_XH>
                        )
                        {
                            quatd xformOp:orient = (0.7071067691, -0.000002556955906, -0.00000255695636, 0.7071067691)
                            double3 xformOp:scale = (0.000999987009, 0.000999987009, 0.000999987009)
                            double3 xformOp:translate = (-0.006590805948, -0.0000982890997, -0.02498593926)
                            uniform token[] xformOpOrder = ["xformOp:translate", "xformOp:orient", "xformOp:scale"]
                        }

                        def Xform "tn__object_2090_XH" (
                            displayName = "object_2.090"
                            instanceable = true
                            prepend references = @./instances.usda@</Instances/tn__object_2090_XH>
                        )
                        {
                            quatd xformOp:orient = (0.7071067691, -0.000002556955906, -0.00000255695636, 0.7071067691)
                            double3 xformOp:scale = (0.000999987009, 0.000999987009, 0.000999987009)
                            double3 xformOp:translate = (-0.006590805948, -0.0000982890997, -0.02498593926)
                            uniform token[] xformOpOrder = ["xformOp:translate", "xformOp:orient", "xformOp:scale"]
                        }

                        def Xform "tn__object_2091_XH" (
                            displayName = "object_2.091"
                            instanceable = true
                            prepend references = @./instances.usda@</Instances/tn__object_2091_XH>
                        )
                        {
                            quatd xformOp:orient = (0.7071067691, -0.000002556955906, -0.00000255695636, 0.7071067691)
                            double3 xformOp:scale = (0.000999987009, 0.000999987009, 0.000999987009)
                            double3 xformOp:translate = (-0.006590805948, -0.0000982890997, -0.02498593926)
                            uniform token[] xformOpOrder = ["xformOp:translate", "xformOp:orient", "xformOp:scale"]
                        }

                        def Xform "tn__object_2092_XH" (
                            displayName = "object_2.092"
                            instanceable = true
                            prepend references = @./instances.usda@</Instances/tn__object_2092_XH>
                        )
                        {
                            quatd xformOp:orient = (0.7071067691, -0.000002556955906, -0.00000255695636, 0.7071067691)
                            double3 xformOp:scale = (0.000999987009, 0.000999987009, 0.000999987009)
                            double3 xformOp:translate = (-0.006590805948, -0.0000982890997, -0.02498593926)
                            uniform token[] xformOpOrder = ["xformOp:translate", "xformOp:orient", "xformOp:scale"]
                        }

                        def Xform "tn__object_2093_XH" (
                            displayName = "object_2.093"
                            instanceable = true
                            prepend references = @./instances.usda@</Instances/tn__object_2093_XH>
                        )
                        {
                            quatd xformOp:orient = (0.7071067691, -0.000002556955906, -0.00000255695636, 0.7071067691)
                            double3 xformOp:scale = (0.000999987009, 0.000999987009, 0.000999987009)
                            double3 xformOp:translate = (-0.006590805948, -0.0000982890997, -0.02498593926)
                            uniform token[] xformOpOrder = ["xformOp:translate", "xformOp:orient", "xformOp:scale"]
                        }

                        def Xform "tn__object_2094_XH" (
                            displayName = "object_2.094"
                            instanceable = true
                            prepend references = @./instances.usda@</Instances/tn__object_2094_XH>
                        )
                        {
                            quatd xformOp:orient = (0.7071067691, -0.000002556955906, -0.00000255695636, 0.7071067691)
                            double3 xformOp:scale = (0.000999987009, 0.000999987009, 0.000999987009)
                            double3 xformOp:translate = (-0.006590805948, -0.0000982890997, -0.02498593926)
                            uniform token[] xformOpOrder = ["xformOp:translate", "xformOp:orient", "xformOp:scale"]
                        }

                        def Xform "tn__object_2095_XH" (
                            displayName = "object_2.095"
                            instanceable = true
                            prepend references = @./instances.usda@</Instances/tn__object_2095_XH>
                        )
                        {
                            quatd xformOp:orient = (0.7071067691, -0.000002556955906, -0.00000255695636, 0.7071067691)
                            double3 xformOp:scale = (0.000999987009, 0.000999987009, 0.000999987009)
                            double3 xformOp:translate = (-0.006590805948, -0.0000982890997, -0.02498593926)
                            uniform token[] xformOpOrder = ["xformOp:translate", "xformOp:orient", "xformOp:scale"]
                        }

                        def Xform "tn__object_2096_XH" (
                            displayName = "object_2.096"
                            instanceable = true
                            prepend references = @./instances.usda@</Instances/tn__object_2096_XH>
                        )
                        {
                            quatd xformOp:orient = (0.7071067691, -0.000002556955906, -0.00000255695636, 0.7071067691)
                            double3 xformOp:scale = (0.000999987009, 0.000999987009, 0.000999987009)
                            double3 xformOp:translate = (-0.006590805948, -0.0000982890997, -0.02498593926)
                            uniform token[] xformOpOrder = ["xformOp:translate", "xformOp:orient", "xformOp:scale"]
                        }

                        def Xform "tn__object_2097_XH" (
                            displayName = "object_2.097"
                            instanceable = true
                            prepend references = @./instances.usda@</Instances/tn__object_2097_XH>
                        )
                        {
                            quatd xformOp:orient = (0.7071067691, -0.000002556955906, -0.00000255695636, 0.7071067691)
                            double3 xformOp:scale = (0.000999987009, 0.000999987009, 0.000999987009)
                            double3 xformOp:translate = (-0.006590805948, -0.0000982890997, -0.02498593926)
                            uniform token[] xformOpOrder = ["xformOp:translate", "xformOp:orient", "xformOp:scale"]
                        }

                        def Xform "tn__object_2098_XH" (
                            displayName = "object_2.098"
                            instanceable = true
                            prepend references = @./instances.usda@</Instances/tn__object_2098_XH>
                        )
                        {
                            quatd xformOp:orient = (0.7071067691, -0.000002556955906, -0.00000255695636, 0.7071067691)
                            double3 xformOp:scale = (0.000999987009, 0.000999987009, 0.000999987009)
                            double3 xformOp:translate = (-0.006590805948, -0.0000982890997, -0.02498593926)
                            uniform token[] xformOpOrder = ["xformOp:translate", "xformOp:orient", "xformOp:scale"]
                        }

                        def Xform "tn__object_2099_XH" (
                            displayName = "object_2.099"
                            instanceable = true
                            prepend references = @./instances.usda@</Instances/tn__object_2099_XH>
                        )
                        {
                            quatd xformOp:orient = (0.7071067691, -0.000002556955906, -0.00000255695636, 0.7071067691)
                            double3 xformOp:scale = (0.000999987009, 0.000999987009, 0.000999987009)
                            double3 xformOp:translate = (-0.006590805948, -0.0000982890997, -0.02498593926)
                            uniform token[] xformOpOrder = ["xformOp:translate", "xformOp:orient", "xformOp:scale"]
                        }

                        def Xform "tn__object_2100_XH" (
                            displayName = "object_2.100"
                            instanceable = true
                            prepend references = @./instances.usda@</Instances/tn__object_2100_XH>
                        )
                        {
                            quatd xformOp:orient = (0.7071067691, -0.000002556955906, -0.00000255695636, 0.7071067691)
                            double3 xformOp:scale = (0.000999987009, 0.000999987009, 0.000999987009)
                            double3 xformOp:translate = (-0.006590805948, -0.0000982890997, -0.02498593926)
                            uniform token[] xformOpOrder = ["xformOp:translate", "xformOp:orient", "xformOp:scale"]
                        }

                        def Xform "tn__object_2101_XH" (
                            displayName = "object_2.101"
                            instanceable = true
                            prepend references = @./instances.usda@</Instances/tn__object_2101_XH>
                        )
                        {
                            quatd xformOp:orient = (0.7071067691, -0.000002556955906, -0.00000255695636, 0.7071067691)
                            double3 xformOp:scale = (0.000999987009, 0.000999987009, 0.000999987009)
                            double3 xformOp:translate = (-0.006590805948, -0.0000982890997, -0.02498593926)
                            uniform token[] xformOpOrder = ["xformOp:translate", "xformOp:orient", "xformOp:scale"]
                        }

                        def Xform "tn__object_2102_XH" (
                            displayName = "object_2.102"
                            instanceable = true
                            prepend references = @./instances.usda@</Instances/tn__object_2102_XH>
                        )
                        {
                            quatd xformOp:orient = (0.7071067691, -0.000002556955906, -0.00000255695636, 0.7071067691)
                            double3 xformOp:scale = (0.000999987009, 0.000999987009, 0.000999987009)
                            double3 xformOp:translate = (-0.006590805948, -0.0000982890997, -0.02498593926)
                            uniform token[] xformOpOrder = ["xformOp:translate", "xformOp:orient", "xformOp:scale"]
                        }

                        def Xform "tn__object_2103_XH" (
                            displayName = "object_2.103"
                            instanceable = true
                            prepend references = @./instances.usda@</Instances/tn__object_2103_XH>
                        )
                        {
                            quatd xformOp:orient = (0.7071067691, -0.000002556955906, -0.00000255695636, 0.7071067691)
                            double3 xformOp:scale = (0.000999987009, 0.000999987009, 0.000999987009)
                            double3 xformOp:translate = (-0.006590805948, -0.0000982890997, -0.02498593926)
                            uniform token[] xformOpOrder = ["xformOp:translate", "xformOp:orient", "xformOp:scale"]
                        }

                        def Xform "tn__object_2104_XH" (
                            displayName = "object_2.104"
                            instanceable = true
                            prepend references = @./instances.usda@</Instances/tn__object_2104_XH>
                        )
                        {
                            quatd xformOp:orient = (0.7071067691, -0.000002556955906, -0.00000255695636, 0.7071067691)
                            double3 xformOp:scale = (0.000999987009, 0.000999987009, 0.000999987009)
                            double3 xformOp:translate = (-0.006590805948, -0.0000982890997, -0.02498593926)
                            uniform token[] xformOpOrder = ["xformOp:translate", "xformOp:orient", "xformOp:scale"]
                        }

                        def Xform "tn__object_2105_XH" (
                            displayName = "object_2.105"
                            instanceable = true
                            prepend references = @./instances.usda@</Instances/tn__object_2105_XH>
                        )
                        {
                            quatd xformOp:orient = (0.7071067691, -0.000002556955906, -0.00000255695636, 0.7071067691)
                            double3 xformOp:scale = (0.000999987009, 0.000999987009, 0.000999987009)
                            double3 xformOp:translate = (-0.006590805948, -0.0000982890997, -0.02498593926)
                            uniform token[] xformOpOrder = ["xformOp:translate", "xformOp:orient", "xformOp:scale"]
                        }

                        def Xform "tn__object_2106_XH" (
                            displayName = "object_2.106"
                            instanceable = true
                            prepend references = @./instances.usda@</Instances/tn__object_2106_XH>
                        )
                        {
                            quatd xformOp:orient = (0.7071067691, -0.000002556955906, -0.00000255695636, 0.7071067691)
                            double3 xformOp:scale = (0.000999987009, 0.000999987009, 0.000999987009)
                            double3 xformOp:translate = (-0.006590805948, -0.0000982890997, -0.02498593926)
                            uniform token[] xformOpOrder = ["xformOp:translate", "xformOp:orient", "xformOp:scale"]
                        }

                        def Xform "tn__object_2107_XH" (
                            displayName = "object_2.107"
                            instanceable = true
                            prepend references = @./instances.usda@</Instances/tn__object_2107_XH>
                        )
                        {
                            quatd xformOp:orient = (0.7071067691, -0.000002556955906, -0.00000255695636, 0.7071067691)
                            double3 xformOp:scale = (0.000999987009, 0.000999987009, 0.000999987009)
                            double3 xformOp:translate = (-0.006590805948, -0.0000982890997, -0.02498593926)
                            uniform token[] xformOpOrder = ["xformOp:translate", "xformOp:orient", "xformOp:scale"]
                        }

                        def Xform "tn__object_2108_XH" (
                            displayName = "object_2.108"
                            instanceable = true
                            prepend references = @./instances.usda@</Instances/tn__object_2108_XH>
                        )
                        {
                            quatd xformOp:orient = (0.7071067691, -0.000002556955906, -0.00000255695636, 0.7071067691)
                            double3 xformOp:scale = (0.000999987009, 0.000999987009, 0.000999987009)
                            double3 xformOp:translate = (-0.006590805948, -0.0000982890997, -0.02498593926)
                            uniform token[] xformOpOrder = ["xformOp:translate", "xformOp:orient", "xformOp:scale"]
                        }

                        def Xform "tn__object_2109_XH" (
                            displayName = "object_2.109"
                            instanceable = true
                            prepend references = @./instances.usda@</Instances/tn__object_2109_XH>
                        )
                        {
                            quatd xformOp:orient = (0.7071067691, -0.000002556955906, -0.00000255695636, 0.7071067691)
                            double3 xformOp:scale = (0.000999987009, 0.000999987009, 0.000999987009)
                            double3 xformOp:translate = (-0.006590805948, -0.0000982890997, -0.02498593926)
                            uniform token[] xformOpOrder = ["xformOp:translate", "xformOp:orient", "xformOp:scale"]
                        }

                        def Xform "tn__object_2110_XH" (
                            displayName = "object_2.110"
                            instanceable = true
                            prepend references = @./instances.usda@</Instances/tn__object_2110_XH>
                        )
                        {
                            quatd xformOp:orient = (0.7071067691, -0.000002556955906, -0.00000255695636, 0.7071067691)
                            double3 xformOp:scale = (0.000999987009, 0.000999987009, 0.000999987009)
                            double3 xformOp:translate = (-0.006590805948, -0.0000982890997, -0.02498593926)
                            uniform token[] xformOpOrder = ["xformOp:translate", "xformOp:orient", "xformOp:scale"]
                        }

                        def Xform "tn__object_2111_XH" (
                            displayName = "object_2.111"
                            instanceable = true
                            prepend references = @./instances.usda@</Instances/tn__object_2111_XH>
                        )
                        {
                            quatd xformOp:orient = (0.7071067691, -0.000002556955906, -0.00000255695636, 0.7071067691)
                            double3 xformOp:scale = (0.000999987009, 0.000999987009, 0.000999987009)
                            double3 xformOp:translate = (-0.006590805948, -0.0000982890997, -0.02498593926)
                            uniform token[] xformOpOrder = ["xformOp:translate", "xformOp:orient", "xformOp:scale"]
                        }

                        def Xform "tn__object_2112_XH" (
                            displayName = "object_2.112"
                            instanceable = true
                            prepend references = @./instances.usda@</Instances/tn__object_2112_XH>
                        )
                        {
                            quatd xformOp:orient = (0.7071067691, -0.000002556955906, -0.00000255695636, 0.7071067691)
                            double3 xformOp:scale = (0.000999987009, 0.000999987009, 0.000999987009)
                            double3 xformOp:translate = (-0.006590805948, -0.0000982890997, -0.02498593926)
                            uniform token[] xformOpOrder = ["xformOp:translate", "xformOp:orient", "xformOp:scale"]
                        }

                        def Xform "tn__object_2113_XH" (
                            displayName = "object_2.113"
                            instanceable = true
                            prepend references = @./instances.usda@</Instances/tn__object_2113_XH>
                        )
                        {
                            quatd xformOp:orient = (0.7071067691, -0.000002556955906, -0.00000255695636, 0.7071067691)
                            double3 xformOp:scale = (0.000999987009, 0.000999987009, 0.000999987009)
                            double3 xformOp:translate = (-0.006590805948, -0.0000982890997, -0.02498593926)
                            uniform token[] xformOpOrder = ["xformOp:translate", "xformOp:orient", "xformOp:scale"]
                        }

                        def Xform "tn__object_2114_XH" (
                            displayName = "object_2.114"
                            instanceable = true
                            prepend references = @./instances.usda@</Instances/tn__object_2114_XH>
                        )
                        {
                            quatd xformOp:orient = (0.7071067691, -0.000002556955906, -0.00000255695636, 0.7071067691)
                            double3 xformOp:scale = (0.000999987009, 0.000999987009, 0.000999987009)
                            double3 xformOp:translate = (-0.006590805948, -0.0000982890997, -0.02498593926)
                            uniform token[] xformOpOrder = ["xformOp:translate", "xformOp:orient", "xformOp:scale"]
                        }

                        def Xform "tn__object_2115_XH" (
                            displayName = "object_2.115"
                            instanceable = true
                            prepend references = @./instances.usda@</Instances/tn__object_2115_XH>
                        )
                        {
                            quatd xformOp:orient = (0.7071067691, -0.000002556955906, -0.00000255695636, 0.7071067691)
                            double3 xformOp:scale = (0.000999987009, 0.000999987009, 0.000999987009)
                            double3 xformOp:translate = (-0.006590805948, -0.0000982890997, -0.02498593926)
                            uniform token[] xformOpOrder = ["xformOp:translate", "xformOp:orient", "xformOp:scale"]
                        }

                        def Xform "tn__object_2116_XH" (
                            displayName = "object_2.116"
                            instanceable = true
                            prepend references = @./instances.usda@</Instances/tn__object_2116_XH>
                        )
                        {
                            quatd xformOp:orient = (0.7071067691, -0.000002556955906, -0.00000255695636, 0.7071067691)
                            double3 xformOp:scale = (0.000999987009, 0.000999987009, 0.000999987009)
                            double3 xformOp:translate = (-0.006590805948, -0.0000982890997, -0.02498593926)
                            uniform token[] xformOpOrder = ["xformOp:translate", "xformOp:orient", "xformOp:scale"]
                        }

                        def Xform "tn__object_2117_XH" (
                            displayName = "object_2.117"
                            instanceable = true
                            prepend references = @./instances.usda@</Instances/tn__object_2117_XH>
                        )
                        {
                            quatd xformOp:orient = (0.7071067691, -0.000002556955906, -0.00000255695636, 0.7071067691)
                            double3 xformOp:scale = (0.000999987009, 0.000999987009, 0.000999987009)
                            double3 xformOp:translate = (-0.006590805948, -0.0000982890997, -0.02498593926)
                            uniform token[] xformOpOrder = ["xformOp:translate", "xformOp:orient", "xformOp:scale"]
                        }

                        def Xform "tn__object_2118_XH" (
                            displayName = "object_2.118"
                            instanceable = true
                            prepend references = @./instances.usda@</Instances/tn__object_2118_XH>
                        )
                        {
                            quatd xformOp:orient = (0.7071067691, -0.000002556955906, -0.00000255695636, 0.7071067691)
                            double3 xformOp:scale = (0.000999987009, 0.000999987009, 0.000999987009)
                            double3 xformOp:translate = (-0.006590805948, -0.0000982890997, -0.02498593926)
                            uniform token[] xformOpOrder = ["xformOp:translate", "xformOp:orient", "xformOp:scale"]
                        }

                        def Xform "tn__object_2119_XH" (
                            displayName = "object_2.119"
                            instanceable = true
                            prepend references = @./instances.usda@</Instances/tn__object_2119_XH>
                        )
                        {
                            quatd xformOp:orient = (0.7071067691, -0.000002556955906, -0.00000255695636, 0.7071067691)
                            double3 xformOp:scale = (0.000999987009, 0.000999987009, 0.000999987009)
                            double3 xformOp:translate = (-0.006590805948, -0.0000982890997, -0.02498593926)
                            uniform token[] xformOpOrder = ["xformOp:translate", "xformOp:orient", "xformOp:scale"]
                        }

                        def Xform "tn__object_2120_XH" (
                            displayName = "object_2.120"
                            instanceable = true
                            prepend references = @./instances.usda@</Instances/tn__object_2120_XH>
                        )
                        {
                            quatd xformOp:orient = (0.7071067691, -0.000002556955906, -0.00000255695636, 0.7071067691)
                            double3 xformOp:scale = (0.000999987009, 0.000999987009, 0.000999987009)
                            double3 xformOp:translate = (-0.006590805948, -0.0000982890997, -0.02498593926)
                            uniform token[] xformOpOrder = ["xformOp:translate", "xformOp:orient", "xformOp:scale"]
                        }

                        def Xform "tn__object_2121_XH" (
                            displayName = "object_2.121"
                            instanceable = true
                            prepend references = @./instances.usda@</Instances/tn__object_2121_XH>
                        )
                        {
                            quatd xformOp:orient = (0.7071067691, -0.000002556955906, -0.00000255695636, 0.7071067691)
                            double3 xformOp:scale = (0.000999987009, 0.000999987009, 0.000999987009)
                            double3 xformOp:translate = (-0.006590805948, -0.0000982890997, -0.02498593926)
                            uniform token[] xformOpOrder = ["xformOp:translate", "xformOp:orient", "xformOp:scale"]
                        }

                        def Xform "tn__object_2122_XH" (
                            displayName = "object_2.122"
                            instanceable = true
                            prepend references = @./instances.usda@</Instances/tn__object_2122_XH>
                        )
                        {
                            quatd xformOp:orient = (0.7071067691, -0.000002556955906, -0.00000255695636, 0.7071067691)
                            double3 xformOp:scale = (0.000999987009, 0.000999987009, 0.000999987009)
                            double3 xformOp:translate = (-0.006590805948, -0.0000982890997, -0.02498593926)
                            uniform token[] xformOpOrder = ["xformOp:translate", "xformOp:orient", "xformOp:scale"]
                        }

                        def Xform "tn__object_2123_XH" (
                            displayName = "object_2.123"
                            instanceable = true
                            prepend references = @./instances.usda@</Instances/tn__object_2123_XH>
                        )
                        {
                            quatd xformOp:orient = (0.7071067691, -0.000002556955906, -0.00000255695636, 0.7071067691)
                            double3 xformOp:scale = (0.000999987009, 0.000999987009, 0.000999987009)
                            double3 xformOp:translate = (-0.006590805948, -0.0000982890997, -0.02498593926)
                            uniform token[] xformOpOrder = ["xformOp:translate", "xformOp:orient", "xformOp:scale"]
                        }

                        def Xform "tn__object_2124_XH" (
                            displayName = "object_2.124"
                            instanceable = true
                            prepend references = @./instances.usda@</Instances/tn__object_2124_XH>
                        )
                        {
                            quatd xformOp:orient = (0.7071067691, -0.000002556955906, -0.00000255695636, 0.7071067691)
                            double3 xformOp:scale = (0.000999987009, 0.000999987009, 0.000999987009)
                            double3 xformOp:translate = (-0.006590805948, -0.0000982890997, -0.02498593926)
                            uniform token[] xformOpOrder = ["xformOp:translate", "xformOp:orient", "xformOp:scale"]
                        }

                        def Xform "tn__object_2125_XH" (
                            displayName = "object_2.125"
                            instanceable = true
                            prepend references = @./instances.usda@</Instances/tn__object_2125_XH>
                        )
                        {
                            quatd xformOp:orient = (0.7071067691, -0.000002556955906, -0.00000255695636, 0.7071067691)
                            double3 xformOp:scale = (0.000999987009, 0.000999987009, 0.000999987009)
                            double3 xformOp:translate = (-0.006590805948, -0.0000982890997, -0.02498593926)
                            uniform token[] xformOpOrder = ["xformOp:translate", "xformOp:orient", "xformOp:scale"]
                        }

                        def Xform "tn__object_2126_XH" (
                            displayName = "object_2.126"
                            instanceable = true
                            prepend references = @./instances.usda@</Instances/tn__object_2126_XH>
                        )
                        {
                            quatd xformOp:orient = (0.7071067691, -0.000002556955906, -0.00000255695636, 0.7071067691)
                            double3 xformOp:scale = (0.000999987009, 0.000999987009, 0.000999987009)
                            double3 xformOp:translate = (-0.006590805948, -0.0000982890997, -0.02498593926)
                            uniform token[] xformOpOrder = ["xformOp:translate", "xformOp:orient", "xformOp:scale"]
                        }

                        def Xform "tn__object_2127_XH" (
                            displayName = "object_2.127"
                            instanceable = true
                            prepend references = @./instances.usda@</Instances/tn__object_2127_XH>
                        )
                        {
                            quatd xformOp:orient = (0.7071067691, -0.000002556955906, -0.00000255695636, 0.7071067691)
                            double3 xformOp:scale = (0.000999987009, 0.000999987009, 0.000999987009)
                            double3 xformOp:translate = (-0.006590805948, -0.0000982890997, -0.02498593926)
                            uniform token[] xformOpOrder = ["xformOp:translate", "xformOp:orient", "xformOp:scale"]
                        }

                        def Xform "tn__object_2128_XH" (
                            displayName = "object_2.128"
                            instanceable = true
                            prepend references = @./instances.usda@</Instances/tn__object_2128_XH>
                        )
                        {
                            quatd xformOp:orient = (0.7071067691, -0.000002556955906, -0.00000255695636, 0.7071067691)
                            double3 xformOp:scale = (0.000999987009, 0.000999987009, 0.000999987009)
                            double3 xformOp:translate = (-0.006590805948, -0.0000982890997, -0.02498593926)
                            uniform token[] xformOpOrder = ["xformOp:translate", "xformOp:orient", "xformOp:scale"]
                        }

                        def Xform "tn__object_2129_XH" (
                            displayName = "object_2.129"
                            instanceable = true
                            prepend references = @./instances.usda@</Instances/tn__object_2129_XH>
                        )
                        {
                            quatd xformOp:orient = (0.7071067691, -0.000002556955906, -0.00000255695636, 0.7071067691)
                            double3 xformOp:scale = (0.000999987009, 0.000999987009, 0.000999987009)
                            double3 xformOp:translate = (-0.006590805948, -0.0000982890997, -0.02498593926)
                            uniform token[] xformOpOrder = ["xformOp:translate", "xformOp:orient", "xformOp:scale"]
                        }

                        def Xform "tn__object_2130_XH" (
                            displayName = "object_2.130"
                            instanceable = true
                            prepend references = @./instances.usda@</Instances/tn__object_2130_XH>
                        )
                        {
                            quatd xformOp:orient = (0.7071067691, -0.000002556955906, -0.00000255695636, 0.7071067691)
                            double3 xformOp:scale = (0.000999987009, 0.000999987009, 0.000999987009)
                            double3 xformOp:translate = (-0.006590805948, -0.0000982890997, -0.02498593926)
                            uniform token[] xformOpOrder = ["xformOp:translate", "xformOp:orient", "xformOp:scale"]
                        }

                        def Xform "tn__object_2131_XH" (
                            displayName = "object_2.131"
                            instanceable = true
                            prepend references = @./instances.usda@</Instances/tn__object_2131_XH>
                        )
                        {
                            quatd xformOp:orient = (0.7071067691, -0.000002556955906, -0.00000255695636, 0.7071067691)
                            double3 xformOp:scale = (0.000999987009, 0.000999987009, 0.000999987009)
                            double3 xformOp:translate = (-0.006590805948, -0.0000982890997, -0.02498593926)
                            uniform token[] xformOpOrder = ["xformOp:translate", "xformOp:orient", "xformOp:scale"]
                        }

                        def Xform "tn__object_2132_XH" (
                            displayName = "object_2.132"
                            instanceable = true
                            prepend references = @./instances.usda@</Instances/tn__object_2132_XH>
                        )
                        {
                            quatd xformOp:orient = (0.7071067691, -0.000002556955906, -0.00000255695636, 0.7071067691)
                            double3 xformOp:scale = (0.000999987009, 0.000999987009, 0.000999987009)
                            double3 xformOp:translate = (-0.006590805948, -0.0000982890997, -0.02498593926)
                            uniform token[] xformOpOrder = ["xformOp:translate", "xformOp:orient", "xformOp:scale"]
                        }

                        def Xform "tn__object_2133_XH" (
                            displayName = "object_2.133"
                            instanceable = true
                            prepend references = @./instances.usda@</Instances/tn__object_2133_XH>
                        )
                        {
                            quatd xformOp:orient = (0.7071067691, -0.000002556955906, -0.00000255695636, 0.7071067691)
                            double3 xformOp:scale = (0.000999987009, 0.000999987009, 0.000999987009)
                            double3 xformOp:translate = (-0.006590805948, -0.0000982890997, -0.02498593926)
                            uniform token[] xformOpOrder = ["xformOp:translate", "xformOp:orient", "xformOp:scale"]
                        }

                        def Xform "tn__object_2134_XH" (
                            displayName = "object_2.134"
                            instanceable = true
                            prepend references = @./instances.usda@</Instances/tn__object_2134_XH>
                        )
                        {
                            quatd xformOp:orient = (0.7071067691, -0.000002556955906, -0.00000255695636, 0.7071067691)
                            double3 xformOp:scale = (0.000999987009, 0.000999987009, 0.000999987009)
                            double3 xformOp:translate = (-0.006590805948, -0.0000982890997, -0.02498593926)
                            uniform token[] xformOpOrder = ["xformOp:translate", "xformOp:orient", "xformOp:scale"]
                        }

                        def Xform "tn__object_2135_XH" (
                            displayName = "object_2.135"
                            instanceable = true
                            prepend references = @./instances.usda@</Instances/tn__object_2135_XH>
                        )
                        {
                            quatd xformOp:orient = (0.7071067691, -0.000002556955906, -0.00000255695636, 0.7071067691)
                            double3 xformOp:scale = (0.000999987009, 0.000999987009, 0.000999987009)
                            double3 xformOp:translate = (-0.006590805948, -0.0000982890997, -0.02498593926)
                            uniform token[] xformOpOrder = ["xformOp:translate", "xformOp:orient", "xformOp:scale"]
                        }

                        def Xform "tn__object_2136_XH" (
                            displayName = "object_2.136"
                            instanceable = true
                            prepend references = @./instances.usda@</Instances/tn__object_2136_XH>
                        )
                        {
                            quatd xformOp:orient = (0.7071067691, -0.000002556955906, -0.00000255695636, 0.7071067691)
                            double3 xformOp:scale = (0.000999987009, 0.000999987009, 0.000999987009)
                            double3 xformOp:translate = (-0.006590805948, -0.0000982890997, -0.02498593926)
                            uniform token[] xformOpOrder = ["xformOp:translate", "xformOp:orient", "xformOp:scale"]
                        }

                        def Xform "tn__object_2137_XH" (
                            displayName = "object_2.137"
                            instanceable = true
                            prepend references = @./instances.usda@</Instances/tn__object_2137_XH>
                        )
                        {
                            quatd xformOp:orient = (0.7071067691, -0.000002556955906, -0.00000255695636, 0.7071067691)
                            double3 xformOp:scale = (0.000999987009, 0.000999987009, 0.000999987009)
                            double3 xformOp:translate = (-0.006590805948, -0.0000982890997, -0.02498593926)
                            uniform token[] xformOpOrder = ["xformOp:translate", "xformOp:orient", "xformOp:scale"]
                        }

                        def Xform "tn__object_2138_XH" (
                            displayName = "object_2.138"
                            instanceable = true
                            prepend references = @./instances.usda@</Instances/tn__object_2138_XH>
                        )
                        {
                            quatd xformOp:orient = (0.7071067691, -0.000002556955906, -0.00000255695636, 0.7071067691)
                            double3 xformOp:scale = (0.000999987009, 0.000999987009, 0.000999987009)
                            double3 xformOp:translate = (-0.006590805948, -0.0000982890997, -0.02498593926)
                            uniform token[] xformOpOrder = ["xformOp:translate", "xformOp:orient", "xformOp:scale"]
                        }

                        def Xform "tn__Circle009_WE" (
                            displayName = "Circle.009"
                            instanceable = true
                            prepend references = @./instances.usda@</Instances/tn__Circle009_WE>
                        )
                        {
                            quatd xformOp:orient = (1.943035812e-7, -0.9962548614, -0.08646542579, 0)
                            double3 xformOp:scale = (0.01099998783, 0.01099998783, 0.0109999897)
                            double3 xformOp:translate = (0, 0, -0.09260349721)
                            uniform token[] xformOpOrder = ["xformOp:translate", "xformOp:orient", "xformOp:scale"]
                        }
                    }

                    def Xform "magician_link_2"
                    {
                        quatf xformOp:orient = (1, 0, 0, 0)
                        float3 xformOp:scale = (1, 1, 1)
                        double3 xformOp:translate = (0, 0, 0)
                        uniform token[] xformOpOrder = ["xformOp:translate", "xformOp:orient", "xformOp:scale"]

                        def Xform "magicianLink2"
                        {
                            quatf xformOp:orient = (0.9848077, 0, -0.17364831, 0)
                            float3 xformOp:scale = (1, 1, 1)
                            double3 xformOp:translate = (0, 0, 0)
                            uniform token[] xformOpOrder = ["xformOp:translate", "xformOp:orient", "xformOp:scale"]

                            def Xform "tn__object_1001_XH" (
                                displayName = "object_1.001"
                                instanceable = true
                                prepend references = @./instances.usda@</Instances/tn__object_1001_XH>
                            )
                            {
                                quatd xformOp:orient = (0.7071067691, -0.000002556955678, -0.000002556956588, 0.7071067691)
                                double3 xformOp:scale = (0.000999987009, 0.000999987009, 0.000999987009)
                                double3 xformOp:translate = (0.00667977985, -0.00009829280316, 0.07680012286)
                                uniform token[] xformOpOrder = ["xformOp:translate", "xformOp:orient", "xformOp:scale"]
                            }

                            def Xform "tn__Plane002_lC" (
                                displayName = "Plane.002"
                                instanceable = true
                                prepend references = @./instances.usda@</Instances/tn__Plane002_lC_1_1>
                            )
                            {
                                quatd xformOp:orient = (0.9234140515, 0, 0.3838053048, 0)
                                double3 xformOp:scale = (0.1000000164, 0.1000000015, 0.1000000164)
                                double3 xformOp:translate = (-0.05302549899, 0, 0.02044673078)
                                uniform token[] xformOpOrder = ["xformOp:translate", "xformOp:orient", "xformOp:scale"]
                            }

                            def Xform "tn__object_1002_XH" (
                                displayName = "object_1.002"
                                instanceable = true
                                prepend references = @./instances.usda@</Instances/tn__object_1002_XH>
                            )
                            {
                                quatd xformOp:orient = (0.7071067691, -0.000002556955678, -0.000002556956588, 0.7071067691)
                                double3 xformOp:scale = (0.000999987009, 0.000999987009, 0.000999987009)
                                double3 xformOp:translate = (0.00667977985, -0.00009829280316, 0.07680012286)
                                uniform token[] xformOpOrder = ["xformOp:translate", "xformOp:orient", "xformOp:scale"]
                            }

                            def Xform "tn__object_1003_XH" (
                                displayName = "object_1.003"
                                instanceable = true
                                prepend references = @./instances.usda@</Instances/tn__object_1003_XH>
                            )
                            {
                                quatd xformOp:orient = (0.7071067691, -0.000002556955678, -0.000002556956588, 0.7071067691)
                                double3 xformOp:scale = (0.000999987009, 0.000999987009, 0.000999987009)
                                double3 xformOp:translate = (0.00667977985, -0.00009829280316, 0.07680012286)
                                uniform token[] xformOpOrder = ["xformOp:translate", "xformOp:orient", "xformOp:scale"]
                            }

                            def Xform "tn__object_1004_XH" (
                                displayName = "object_1.004"
                                instanceable = true
                                prepend references = @./instances.usda@</Instances/tn__object_1004_XH>
                            )
                            {
                                quatd xformOp:orient = (0.7071067691, -0.000002556955678, -0.000002556956588, 0.7071067691)
                                double3 xformOp:scale = (0.000999987009, 0.000999987009, 0.000999987009)
                                double3 xformOp:translate = (0.00667977985, -0.00009829280316, 0.07680012286)
                                uniform token[] xformOpOrder = ["xformOp:translate", "xformOp:orient", "xformOp:scale"]
                            }

                            def Xform "tn__object_1005_XH" (
                                displayName = "object_1.005"
                                instanceable = true
                                prepend references = @./instances.usda@</Instances/tn__object_1005_XH>
                            )
                            {
                                quatd xformOp:orient = (0.7071067691, -0.000002556955678, -0.000002556956588, 0.7071067691)
                                double3 xformOp:scale = (0.000999987009, 0.000999987009, 0.000999987009)
                                double3 xformOp:translate = (0.00667977985, -0.00009829280316, 0.07680012286)
                                uniform token[] xformOpOrder = ["xformOp:translate", "xformOp:orient", "xformOp:scale"]
                            }

                            def Xform "tn__object_1006_XH" (
                                displayName = "object_1.006"
                                instanceable = true
                                prepend references = @./instances.usda@</Instances/tn__object_1006_XH>
                            )
                            {
                                quatd xformOp:orient = (0.7071067691, -0.000002556955678, -0.000002556956588, 0.7071067691)
                                double3 xformOp:scale = (0.000999987009, 0.000999987009, 0.000999987009)
                                double3 xformOp:translate = (0.00667977985, -0.00009829280316, 0.07680012286)
                                uniform token[] xformOpOrder = ["xformOp:translate", "xformOp:orient", "xformOp:scale"]
                            }

                            def Xform "tn__object_1007_XH" (
                                displayName = "object_1.007"
                                instanceable = true
                                prepend references = @./instances.usda@</Instances/tn__object_1007_XH>
                            )
                            {
                                quatd xformOp:orient = (0.7071067691, -0.000002556955678, -0.000002556956588, 0.7071067691)
                                double3 xformOp:scale = (0.000999987009, 0.000999987009, 0.000999987009)
                                double3 xformOp:translate = (0.00667977985, -0.00009829280316, 0.07680012286)
                                uniform token[] xformOpOrder = ["xformOp:translate", "xformOp:orient", "xformOp:scale"]
                            }

                            def Xform "tn__object_1008_XH" (
                                displayName = "object_1.008"
                                instanceable = true
                                prepend references = @./instances.usda@</Instances/tn__object_1008_XH>
                            )
                            {
                                quatd xformOp:orient = (0.7071067691, -0.000002556955678, -0.000002556956588, 0.7071067691)
                                double3 xformOp:scale = (0.000999987009, 0.000999987009, 0.000999987009)
                                double3 xformOp:translate = (0.00667977985, -0.00009829280316, 0.07680012286)
                                uniform token[] xformOpOrder = ["xformOp:translate", "xformOp:orient", "xformOp:scale"]
                            }

                            def Xform "tn__object_1009_XH" (
                                displayName = "object_1.009"
                                instanceable = true
                                prepend references = @./instances.usda@</Instances/tn__object_1009_XH>
                            )
                            {
                                quatd xformOp:orient = (0.7071067691, -0.000002556955678, -0.000002556956588, 0.7071067691)
                                double3 xformOp:scale = (0.000999987009, 0.000999987009, 0.000999987009)
                                double3 xformOp:translate = (0.00667977985, -0.00009829280316, 0.07680012286)
                                uniform token[] xformOpOrder = ["xformOp:translate", "xformOp:orient", "xformOp:scale"]
                            }

                            def Xform "tn__object_1010_XH" (
                                displayName = "object_1.010"
                                instanceable = true
                                prepend references = @./instances.usda@</Instances/tn__object_1010_XH>
                            )
                            {
                                quatd xformOp:orient = (0.7071067691, -0.000002556955678, -0.000002556956588, 0.7071067691)
                                double3 xformOp:scale = (0.000999987009, 0.000999987009, 0.000999987009)
                                double3 xformOp:translate = (0.00667977985, -0.00009829280316, 0.07680012286)
                                uniform token[] xformOpOrder = ["xformOp:translate", "xformOp:orient", "xformOp:scale"]
                            }

                            def Xform "tn__object_1011_XH" (
                                displayName = "object_1.011"
                                instanceable = true
                                prepend references = @./instances.usda@</Instances/tn__object_1011_XH>
                            )
                            {
                                quatd xformOp:orient = (0.7071067691, -0.000002556955678, -0.000002556956588, 0.7071067691)
                                double3 xformOp:scale = (0.000999987009, 0.000999987009, 0.000999987009)
                                double3 xformOp:translate = (0.00667977985, -0.00009829280316, 0.07680012286)
                                uniform token[] xformOpOrder = ["xformOp:translate", "xformOp:orient", "xformOp:scale"]
                            }

                            def Xform "tn__object_1012_XH" (
                                displayName = "object_1.012"
                                instanceable = true
                                prepend references = @./instances.usda@</Instances/tn__object_1012_XH>
                            )
                            {
                                quatd xformOp:orient = (0.7071067691, -0.000002556955678, -0.000002556956588, 0.7071067691)
                                double3 xformOp:scale = (0.000999987009, 0.000999987009, 0.000999987009)
                                double3 xformOp:translate = (0.00667977985, -0.00009829280316, 0.07680012286)
                                uniform token[] xformOpOrder = ["xformOp:translate", "xformOp:orient", "xformOp:scale"]
                            }

                            def Xform "tn__object_1013_XH" (
                                displayName = "object_1.013"
                                instanceable = true
                                prepend references = @./instances.usda@</Instances/tn__object_1013_XH>
                            )
                            {
                                quatd xformOp:orient = (0.7071067691, -0.000002556955678, -0.000002556956588, 0.7071067691)
                                double3 xformOp:scale = (0.000999987009, 0.000999987009, 0.000999987009)
                                double3 xformOp:translate = (0.00667977985, -0.00009829280316, 0.07680012286)
                                uniform token[] xformOpOrder = ["xformOp:translate", "xformOp:orient", "xformOp:scale"]
                            }

                            def Xform "tn__object_1014_XH" (
                                displayName = "object_1.014"
                                instanceable = true
                                prepend references = @./instances.usda@</Instances/tn__object_1014_XH>
                            )
                            {
                                quatd xformOp:orient = (0.7071067691, -0.000002556955678, -0.000002556956588, 0.7071067691)
                                double3 xformOp:scale = (0.000999987009, 0.000999987009, 0.000999987009)
                                double3 xformOp:translate = (0.00667977985, -0.00009829280316, 0.07680012286)
                                uniform token[] xformOpOrder = ["xformOp:translate", "xformOp:orient", "xformOp:scale"]
                            }

                            def Xform "tn__object_1015_XH" (
                                displayName = "object_1.015"
                                instanceable = true
                                prepend references = @./instances.usda@</Instances/tn__object_1015_XH>
                            )
                            {
                                quatd xformOp:orient = (0.7071067691, -0.000002556955678, -0.000002556956588, 0.7071067691)
                                double3 xformOp:scale = (0.000999987009, 0.000999987009, 0.000999987009)
                                double3 xformOp:translate = (0.00667977985, -0.00009829280316, 0.07680012286)
                                uniform token[] xformOpOrder = ["xformOp:translate", "xformOp:orient", "xformOp:scale"]
                            }

                            def Xform "tn__object_1016_XH" (
                                displayName = "object_1.016"
                                instanceable = true
                                prepend references = @./instances.usda@</Instances/tn__object_1016_XH>
                            )
                            {
                                quatd xformOp:orient = (0.7071067691, -0.000002556955678, -0.000002556956588, 0.7071067691)
                                double3 xformOp:scale = (0.000999987009, 0.000999987009, 0.000999987009)
                                double3 xformOp:translate = (0.00667977985, -0.00009829280316, 0.07680012286)
                                uniform token[] xformOpOrder = ["xformOp:translate", "xformOp:orient", "xformOp:scale"]
                            }

                            def Xform "tn__object_1017_XH" (
                                displayName = "object_1.017"
                                instanceable = true
                                prepend references = @./instances.usda@</Instances/tn__object_1017_XH>
                            )
                            {
                                quatd xformOp:orient = (0.7071067691, -0.000002556955678, -0.000002556956588, 0.7071067691)
                                double3 xformOp:scale = (0.000999987009, 0.000999987009, 0.000999987009)
                                double3 xformOp:translate = (0.00667977985, -0.00009829280316, 0.07680012286)
                                uniform token[] xformOpOrder = ["xformOp:translate", "xformOp:orient", "xformOp:scale"]
                            }

                            def Xform "tn__object_1018_XH" (
                                displayName = "object_1.018"
                                instanceable = true
                                prepend references = @./instances.usda@</Instances/tn__object_1018_XH>
                            )
                            {
                                quatd xformOp:orient = (0.7071067691, -0.000002556955678, -0.000002556956588, 0.7071067691)
                                double3 xformOp:scale = (0.000999987009, 0.000999987009, 0.000999987009)
                                double3 xformOp:translate = (0.00667977985, -0.00009829280316, 0.07680012286)
                                uniform token[] xformOpOrder = ["xformOp:translate", "xformOp:orient", "xformOp:scale"]
                            }

                            def Xform "tn__object_1019_XH" (
                                displayName = "object_1.019"
                                instanceable = true
                                prepend references = @./instances.usda@</Instances/tn__object_1019_XH>
                            )
                            {
                                quatd xformOp:orient = (0.7071067691, -0.000002556955678, -0.000002556956588, 0.7071067691)
                                double3 xformOp:scale = (0.000999987009, 0.000999987009, 0.000999987009)
                                double3 xformOp:translate = (0.00667977985, -0.00009829280316, 0.07680012286)
                                uniform token[] xformOpOrder = ["xformOp:translate", "xformOp:orient", "xformOp:scale"]
                            }

                            def Xform "tn__object_1020_XH" (
                                displayName = "object_1.020"
                                instanceable = true
                                prepend references = @./instances.usda@</Instances/tn__object_1020_XH>
                            )
                            {
                                quatd xformOp:orient = (0.7071067691, -0.000002556955678, -0.000002556956588, 0.7071067691)
                                double3 xformOp:scale = (0.000999987009, 0.000999987009, 0.000999987009)
                                double3 xformOp:translate = (0.00667977985, -0.00009829280316, 0.07680012286)
                                uniform token[] xformOpOrder = ["xformOp:translate", "xformOp:orient", "xformOp:scale"]
                            }

                            def Xform "tn__object_1021_XH" (
                                displayName = "object_1.021"
                                instanceable = true
                                prepend references = @./instances.usda@</Instances/tn__object_1021_XH>
                            )
                            {
                                quatd xformOp:orient = (0.7071067691, -0.000002556955678, -0.000002556956588, 0.7071067691)
                                double3 xformOp:scale = (0.000999987009, 0.000999987009, 0.000999987009)
                                double3 xformOp:translate = (0.00667977985, -0.00009829280316, 0.07680012286)
                                uniform token[] xformOpOrder = ["xformOp:translate", "xformOp:orient", "xformOp:scale"]
                            }

                            def Xform "tn__object_1022_XH" (
                                displayName = "object_1.022"
                                instanceable = true
                                prepend references = @./instances.usda@</Instances/tn__object_1022_XH>
                            )
                            {
                                quatd xformOp:orient = (0.7071067691, -0.000002556955678, -0.000002556956588, 0.7071067691)
                                double3 xformOp:scale = (0.000999987009, 0.000999987009, 0.000999987009)
                                double3 xformOp:translate = (0.00667977985, -0.00009829280316, 0.07680012286)
                                uniform token[] xformOpOrder = ["xformOp:translate", "xformOp:orient", "xformOp:scale"]
                            }

                            def Xform "tn__object_1023_XH" (
                                displayName = "object_1.023"
                                instanceable = true
                                prepend references = @./instances.usda@</Instances/tn__object_1023_XH>
                            )
                            {
                                quatd xformOp:orient = (0.7071067691, -0.000002556955678, -0.000002556956588, 0.7071067691)
                                double3 xformOp:scale = (0.000999987009, 0.000999987009, 0.000999987009)
                                double3 xformOp:translate = (0.00667977985, -0.00009829280316, 0.07680012286)
                                uniform token[] xformOpOrder = ["xformOp:translate", "xformOp:orient", "xformOp:scale"]
                            }

                            def Xform "tn__object_1024_XH" (
                                displayName = "object_1.024"
                                instanceable = true
                                prepend references = @./instances.usda@</Instances/tn__object_1024_XH>
                            )
                            {
                                quatd xformOp:orient = (0.7071067691, -0.000002556955678, -0.000002556956588, 0.7071067691)
                                double3 xformOp:scale = (0.000999987009, 0.000999987009, 0.000999987009)
                                double3 xformOp:translate = (0.00667977985, -0.00009829280316, 0.07680012286)
                                uniform token[] xformOpOrder = ["xformOp:translate", "xformOp:orient", "xformOp:scale"]
                            }

                            def Xform "tn__object_1025_XH" (
                                displayName = "object_1.025"
                                instanceable = true
                                prepend references = @./instances.usda@</Instances/tn__object_1025_XH>
                            )
                            {
                                quatd xformOp:orient = (0.7071067691, -0.000002556955678, -0.000002556956588, 0.7071067691)
                                double3 xformOp:scale = (0.000999987009, 0.000999987009, 0.000999987009)
                                double3 xformOp:translate = (0.00667977985, -0.00009829280316, 0.07680012286)
                                uniform token[] xformOpOrder = ["xformOp:translate", "xformOp:orient", "xformOp:scale"]
                            }

                            def Xform "tn__object_1026_XH" (
                                displayName = "object_1.026"
                                instanceable = true
                                prepend references = @./instances.usda@</Instances/tn__object_1026_XH>
                            )
                            {
                                quatd xformOp:orient = (0.7071067691, -0.000002556955678, -0.000002556956588, 0.7071067691)
                                double3 xformOp:scale = (0.000999987009, 0.000999987009, 0.000999987009)
                                double3 xformOp:translate = (0.00667977985, -0.00009829280316, 0.07680012286)
                                uniform token[] xformOpOrder = ["xformOp:translate", "xformOp:orient", "xformOp:scale"]
                            }

                            def Xform "tn__object_1027_XH" (
                                displayName = "object_1.027"
                                instanceable = true
                                prepend references = @./instances.usda@</Instances/tn__object_1027_XH>
                            )
                            {
                                quatd xformOp:orient = (0.7071067691, -0.000002556955678, -0.000002556956588, 0.7071067691)
                                double3 xformOp:scale = (0.000999987009, 0.000999987009, 0.000999987009)
                                double3 xformOp:translate = (0.00667977985, -0.00009829280316, 0.07680012286)
                                uniform token[] xformOpOrder = ["xformOp:translate", "xformOp:orient", "xformOp:scale"]
                            }

                            def Xform "tn__object_1028_XH" (
                                displayName = "object_1.028"
                                instanceable = true
                                prepend references = @./instances.usda@</Instances/tn__object_1028_XH>
                            )
                            {
                                quatd xformOp:orient = (0.7071067691, -0.000002556955678, -0.000002556956588, 0.7071067691)
                                double3 xformOp:scale = (0.000999987009, 0.000999987009, 0.000999987009)
                                double3 xformOp:translate = (0.00667977985, -0.00009829280316, 0.07680012286)
                                uniform token[] xformOpOrder = ["xformOp:translate", "xformOp:orient", "xformOp:scale"]
                            }

                            def Xform "tn__object_1029_XH" (
                                displayName = "object_1.029"
                                instanceable = true
                                prepend references = @./instances.usda@</Instances/tn__object_1029_XH>
                            )
                            {
                                quatd xformOp:orient = (0.7071067691, -0.000002556955678, -0.000002556956588, 0.7071067691)
                                double3 xformOp:scale = (0.000999987009, 0.000999987009, 0.000999987009)
                                double3 xformOp:translate = (0.00667977985, -0.00009829280316, 0.07680012286)
                                uniform token[] xformOpOrder = ["xformOp:translate", "xformOp:orient", "xformOp:scale"]
                            }

                            def Xform "tn__object_1030_XH" (
                                displayName = "object_1.030"
                                instanceable = true
                                prepend references = @./instances.usda@</Instances/tn__object_1030_XH>
                            )
                            {
                                quatd xformOp:orient = (0.7071067691, -0.000002556955678, -0.000002556956588, 0.7071067691)
                                double3 xformOp:scale = (0.000999987009, 0.000999987009, 0.000999987009)
                                double3 xformOp:translate = (0.00667977985, -0.00009829280316, 0.07680012286)
                                uniform token[] xformOpOrder = ["xformOp:translate", "xformOp:orient", "xformOp:scale"]
                            }

                            def Xform "tn__object_1031_XH" (
                                displayName = "object_1.031"
                                instanceable = true
                                prepend references = @./instances.usda@</Instances/tn__object_1031_XH>
                            )
                            {
                                quatd xformOp:orient = (0.7071067691, -0.000002556955678, -0.000002556956588, 0.7071067691)
                                double3 xformOp:scale = (0.000999987009, 0.000999987009, 0.000999987009)
                                double3 xformOp:translate = (0.00667977985, -0.00009829280316, 0.07680012286)
                                uniform token[] xformOpOrder = ["xformOp:translate", "xformOp:orient", "xformOp:scale"]
                            }

                            def Xform "tn__object_1032_XH" (
                                displayName = "object_1.032"
                                instanceable = true
                                prepend references = @./instances.usda@</Instances/tn__object_1032_XH>
                            )
                            {
                                quatd xformOp:orient = (0.7071067691, -0.000002556955678, -0.000002556956588, 0.7071067691)
                                double3 xformOp:scale = (0.000999987009, 0.000999987009, 0.000999987009)
                                double3 xformOp:translate = (0.00667977985, -0.00009829280316, 0.07680012286)
                                uniform token[] xformOpOrder = ["xformOp:translate", "xformOp:orient", "xformOp:scale"]
                            }

                            def Xform "tn__object_1033_XH" (
                                displayName = "object_1.033"
                                instanceable = true
                                prepend references = @./instances.usda@</Instances/tn__object_1033_XH>
                            )
                            {
                                quatd xformOp:orient = (0.7071067691, -0.000002556955678, -0.000002556956588, 0.7071067691)
                                double3 xformOp:scale = (0.000999987009, 0.000999987009, 0.000999987009)
                                double3 xformOp:translate = (0.00667977985, -0.00009829280316, 0.07680012286)
                                uniform token[] xformOpOrder = ["xformOp:translate", "xformOp:orient", "xformOp:scale"]
                            }

                            def Xform "tn__object_1034_XH" (
                                displayName = "object_1.034"
                                instanceable = true
                                prepend references = @./instances.usda@</Instances/tn__object_1034_XH>
                            )
                            {
                                quatd xformOp:orient = (0.7071067691, -0.000002556955678, -0.000002556956588, 0.7071067691)
                                double3 xformOp:scale = (0.000999987009, 0.000999987009, 0.000999987009)
                                double3 xformOp:translate = (0.00667977985, -0.00009829280316, 0.07680012286)
                                uniform token[] xformOpOrder = ["xformOp:translate", "xformOp:orient", "xformOp:scale"]
                            }

                            def Xform "tn__object_1035_XH" (
                                displayName = "object_1.035"
                                instanceable = true
                                prepend references = @./instances.usda@</Instances/tn__object_1035_XH>
                            )
                            {
                                quatd xformOp:orient = (0.7071067691, -0.000002556955678, -0.000002556956588, 0.7071067691)
                                double3 xformOp:scale = (0.000999987009, 0.000999987009, 0.000999987009)
                                double3 xformOp:translate = (0.00667977985, -0.00009829280316, 0.07680012286)
                                uniform token[] xformOpOrder = ["xformOp:translate", "xformOp:orient", "xformOp:scale"]
                            }

                            def Xform "tn__object_1036_XH" (
                                displayName = "object_1.036"
                                instanceable = true
                                prepend references = @./instances.usda@</Instances/tn__object_1036_XH>
                            )
                            {
                                quatd xformOp:orient = (0.7071067691, -0.000002556955678, -0.000002556956588, 0.7071067691)
                                double3 xformOp:scale = (0.000999987009, 0.000999987009, 0.000999987009)
                                double3 xformOp:translate = (0.00667977985, -0.00009829280316, 0.07680012286)
                                uniform token[] xformOpOrder = ["xformOp:translate", "xformOp:orient", "xformOp:scale"]
                            }

                            def Xform "tn__object_1037_XH" (
                                displayName = "object_1.037"
                                instanceable = true
                                prepend references = @./instances.usda@</Instances/tn__object_1037_XH>
                            )
                            {
                                quatd xformOp:orient = (0.7071067691, -0.000002556955678, -0.000002556956588, 0.7071067691)
                                double3 xformOp:scale = (0.000999987009, 0.000999987009, 0.000999987009)
                                double3 xformOp:translate = (0.00667977985, -0.00009829280316, 0.07680012286)
                                uniform token[] xformOpOrder = ["xformOp:translate", "xformOp:orient", "xformOp:scale"]
                            }

                            def Xform "tn__object_1038_XH" (
                                displayName = "object_1.038"
                                instanceable = true
                                prepend references = @./instances.usda@</Instances/tn__object_1038_XH>
                            )
                            {
                                quatd xformOp:orient = (0.7071067691, -0.000002556955678, -0.000002556956588, 0.7071067691)
                                double3 xformOp:scale = (0.000999987009, 0.000999987009, 0.000999987009)
                                double3 xformOp:translate = (0.00667977985, -0.00009829280316, 0.07680012286)
                                uniform token[] xformOpOrder = ["xformOp:translate", "xformOp:orient", "xformOp:scale"]
                            }

                            def Xform "tn__object_1039_XH" (
                                displayName = "object_1.039"
                                instanceable = true
                                prepend references = @./instances.usda@</Instances/tn__object_1039_XH>
                            )
                            {
                                quatd xformOp:orient = (0.7071067691, -0.000002556955678, -0.000002556956588, 0.7071067691)
                                double3 xformOp:scale = (0.000999987009, 0.000999987009, 0.000999987009)
                                double3 xformOp:translate = (0.00667977985, -0.00009829280316, 0.07680012286)
                                uniform token[] xformOpOrder = ["xformOp:translate", "xformOp:orient", "xformOp:scale"]
                            }

                            def Xform "tn__object_1040_XH" (
                                displayName = "object_1.040"
                                instanceable = true
                                prepend references = @./instances.usda@</Instances/tn__object_1040_XH>
                            )
                            {
                                quatd xformOp:orient = (0.7071067691, -0.000002556955678, -0.000002556956588, 0.7071067691)
                                double3 xformOp:scale = (0.000999987009, 0.000999987009, 0.000999987009)
                                double3 xformOp:translate = (0.00667977985, -0.00009829280316, 0.07680012286)
                                uniform token[] xformOpOrder = ["xformOp:translate", "xformOp:orient", "xformOp:scale"]
                            }

                            def Xform "tn__object_1041_XH" (
                                displayName = "object_1.041"
                                instanceable = true
                                prepend references = @./instances.usda@</Instances/tn__object_1041_XH>
                            )
                            {
                                quatd xformOp:orient = (0.7071067691, -0.000002556955678, -0.000002556956588, 0.7071067691)
                                double3 xformOp:scale = (0.000999987009, 0.000999987009, 0.000999987009)
                                double3 xformOp:translate = (0.00667977985, -0.00009829280316, 0.07680012286)
                                uniform token[] xformOpOrder = ["xformOp:translate", "xformOp:orient", "xformOp:scale"]
                            }

                            def Xform "tn__object_1042_XH" (
                                displayName = "object_1.042"
                                instanceable = true
                                prepend references = @./instances.usda@</Instances/tn__object_1042_XH>
                            )
                            {
                                quatd xformOp:orient = (0.7071067691, -0.000002556955678, -0.000002556956588, 0.7071067691)
                                double3 xformOp:scale = (0.000999987009, 0.000999987009, 0.000999987009)
                                double3 xformOp:translate = (0.00667977985, -0.00009829280316, 0.07680012286)
                                uniform token[] xformOpOrder = ["xformOp:translate", "xformOp:orient", "xformOp:scale"]
                            }

                            def Xform "tn__object_1043_XH" (
                                displayName = "object_1.043"
                                instanceable = true
                                prepend references = @./instances.usda@</Instances/tn__object_1043_XH>
                            )
                            {
                                quatd xformOp:orient = (0.7071067691, -0.000002556955678, -0.000002556956588, 0.7071067691)
                                double3 xformOp:scale = (0.000999987009, 0.000999987009, 0.000999987009)
                                double3 xformOp:translate = (0.00667977985, -0.00009829280316, 0.07680012286)
                                uniform token[] xformOpOrder = ["xformOp:translate", "xformOp:orient", "xformOp:scale"]
                            }

                            def Xform "tn__object_1044_XH" (
                                displayName = "object_1.044"
                                instanceable = true
                                prepend references = @./instances.usda@</Instances/tn__object_1044_XH>
                            )
                            {
                                quatd xformOp:orient = (0.7071067691, -0.000002556955678, -0.000002556956588, 0.7071067691)
                                double3 xformOp:scale = (0.000999987009, 0.000999987009, 0.000999987009)
                                double3 xformOp:translate = (0.00667977985, -0.00009829280316, 0.07680012286)
                                uniform token[] xformOpOrder = ["xformOp:translate", "xformOp:orient", "xformOp:scale"]
                            }

                            def Xform "tn__object_1045_XH" (
                                displayName = "object_1.045"
                                instanceable = true
                                prepend references = @./instances.usda@</Instances/tn__object_1045_XH>
                            )
                            {
                                quatd xformOp:orient = (0.7071067691, -0.000002556955678, -0.000002556956588, 0.7071067691)
                                double3 xformOp:scale = (0.000999987009, 0.000999987009, 0.000999987009)
                                double3 xformOp:translate = (0.00667977985, -0.00009829280316, 0.07680012286)
                                uniform token[] xformOpOrder = ["xformOp:translate", "xformOp:orient", "xformOp:scale"]
                            }

                            def Xform "tn__object_1046_XH" (
                                displayName = "object_1.046"
                                instanceable = true
                                prepend references = @./instances.usda@</Instances/tn__object_1046_XH>
                            )
                            {
                                quatd xformOp:orient = (0.7071067691, -0.000002556955678, -0.000002556956588, 0.7071067691)
                                double3 xformOp:scale = (0.000999987009, 0.000999987009, 0.000999987009)
                                double3 xformOp:translate = (0.00667977985, -0.00009829280316, 0.07680012286)
                                uniform token[] xformOpOrder = ["xformOp:translate", "xformOp:orient", "xformOp:scale"]
                            }

                            def Xform "tn__object_1047_XH" (
                                displayName = "object_1.047"
                                instanceable = true
                                prepend references = @./instances.usda@</Instances/tn__object_1047_XH>
                            )
                            {
                                quatd xformOp:orient = (0.7071067691, -0.000002556955678, -0.000002556956588, 0.7071067691)
                                double3 xformOp:scale = (0.000999987009, 0.000999987009, 0.000999987009)
                                double3 xformOp:translate = (0.00667977985, -0.00009829280316, 0.07680012286)
                                uniform token[] xformOpOrder = ["xformOp:translate", "xformOp:orient", "xformOp:scale"]
                            }

                            def Xform "tn__object_1048_XH" (
                                displayName = "object_1.048"
                                instanceable = true
                                prepend references = @./instances.usda@</Instances/tn__object_1048_XH>
                            )
                            {
                                quatd xformOp:orient = (0.7071067691, -0.000002556955678, -0.000002556956588, 0.7071067691)
                                double3 xformOp:scale = (0.000999987009, 0.000999987009, 0.000999987009)
                                double3 xformOp:translate = (0.00667977985, -0.00009829280316, 0.07680012286)
                                uniform token[] xformOpOrder = ["xformOp:translate", "xformOp:orient", "xformOp:scale"]
                            }

                            def Xform "tn__object_1049_XH" (
                                displayName = "object_1.049"
                                instanceable = true
                                prepend references = @./instances.usda@</Instances/tn__object_1049_XH>
                            )
                            {
                                quatd xformOp:orient = (0.7071067691, -0.000002556955678, -0.000002556956588, 0.7071067691)
                                double3 xformOp:scale = (0.000999987009, 0.000999987009, 0.000999987009)
                                double3 xformOp:translate = (0.00667977985, -0.00009829280316, 0.07680012286)
                                uniform token[] xformOpOrder = ["xformOp:translate", "xformOp:orient", "xformOp:scale"]
                            }

                            def Xform "tn__object_1050_XH" (
                                displayName = "object_1.050"
                                instanceable = true
                                prepend references = @./instances.usda@</Instances/tn__object_1050_XH>
                            )
                            {
                                quatd xformOp:orient = (0.7071067691, -0.000002556955678, -0.000002556956588, 0.7071067691)
                                double3 xformOp:scale = (0.000999987009, 0.000999987009, 0.000999987009)
                                double3 xformOp:translate = (0.00667977985, -0.00009829280316, 0.07680012286)
                                uniform token[] xformOpOrder = ["xformOp:translate", "xformOp:orient", "xformOp:scale"]
                            }

                            def Xform "tn__object_1051_XH" (
                                displayName = "object_1.051"
                                instanceable = true
                                prepend references = @./instances.usda@</Instances/tn__object_1051_XH>
                            )
                            {
                                quatd xformOp:orient = (0.7071067691, -0.000002556955678, -0.000002556956588, 0.7071067691)
                                double3 xformOp:scale = (0.000999987009, 0.000999987009, 0.000999987009)
                                double3 xformOp:translate = (0.00667977985, -0.00009829280316, 0.07680012286)
                                uniform token[] xformOpOrder = ["xformOp:translate", "xformOp:orient", "xformOp:scale"]
                            }

                            def Xform "tn__object_1052_XH" (
                                displayName = "object_1.052"
                                instanceable = true
                                prepend references = @./instances.usda@</Instances/tn__object_1052_XH>
                            )
                            {
                                quatd xformOp:orient = (0.7071067691, -0.000002556955678, -0.000002556956588, 0.7071067691)
                                double3 xformOp:scale = (0.000999987009, 0.000999987009, 0.000999987009)
                                double3 xformOp:translate = (0.00667977985, -0.00009829280316, 0.07680012286)
                                uniform token[] xformOpOrder = ["xformOp:translate", "xformOp:orient", "xformOp:scale"]
                            }

                            def Xform "tn__object_1053_XH" (
                                displayName = "object_1.053"
                                instanceable = true
                                prepend references = @./instances.usda@</Instances/tn__object_1053_XH>
                            )
                            {
                                quatd xformOp:orient = (0.7071067691, -0.000002556955678, -0.000002556956588, 0.7071067691)
                                double3 xformOp:scale = (0.000999987009, 0.000999987009, 0.000999987009)
                                double3 xformOp:translate = (0.00667977985, -0.00009829280316, 0.07680012286)
                                uniform token[] xformOpOrder = ["xformOp:translate", "xformOp:orient", "xformOp:scale"]
                            }

                            def Xform "tn__object_1054_XH" (
                                displayName = "object_1.054"
                                instanceable = true
                                prepend references = @./instances.usda@</Instances/tn__object_1054_XH>
                            )
                            {
                                quatd xformOp:orient = (0.7071067691, -0.000002556955678, -0.000002556956588, 0.7071067691)
                                double3 xformOp:scale = (0.000999987009, 0.000999987009, 0.000999987009)
                                double3 xformOp:translate = (0.00667977985, -0.00009829280316, 0.07680012286)
                                uniform token[] xformOpOrder = ["xformOp:translate", "xformOp:orient", "xformOp:scale"]
                            }

                            def Xform "tn__object_1055_XH" (
                                displayName = "object_1.055"
                                instanceable = true
                                prepend references = @./instances.usda@</Instances/tn__object_1055_XH>
                            )
                            {
                                quatd xformOp:orient = (0.7071067691, -0.000002556955678, -0.000002556956588, 0.7071067691)
                                double3 xformOp:scale = (0.000999987009, 0.000999987009, 0.000999987009)
                                double3 xformOp:translate = (0.00667977985, -0.00009829280316, 0.07680012286)
                                uniform token[] xformOpOrder = ["xformOp:translate", "xformOp:orient", "xformOp:scale"]
                            }

                            def Xform "tn__object_1056_XH" (
                                displayName = "object_1.056"
                                instanceable = true
                                prepend references = @./instances.usda@</Instances/tn__object_1056_XH>
                            )
                            {
                                quatd xformOp:orient = (0.7071067691, -0.000002556955678, -0.000002556956588, 0.7071067691)
                                double3 xformOp:scale = (0.000999987009, 0.000999987009, 0.000999987009)
                                double3 xformOp:translate = (0.00667977985, -0.00009829280316, 0.07680012286)
                                uniform token[] xformOpOrder = ["xformOp:translate", "xformOp:orient", "xformOp:scale"]
                            }

                            def Xform "tn__object_1057_XH" (
                                displayName = "object_1.057"
                                instanceable = true
                                prepend references = @./instances.usda@</Instances/tn__object_1057_XH>
                            )
                            {
                                quatd xformOp:orient = (0.7071067691, -0.000002556955678, -0.000002556956588, 0.7071067691)
                                double3 xformOp:scale = (0.000999987009, 0.000999987009, 0.000999987009)
                                double3 xformOp:translate = (0.00667977985, -0.00009829280316, 0.07680012286)
                                uniform token[] xformOpOrder = ["xformOp:translate", "xformOp:orient", "xformOp:scale"]
                            }

                            def Xform "tn__object_1058_XH" (
                                displayName = "object_1.058"
                                instanceable = true
                                prepend references = @./instances.usda@</Instances/tn__object_1058_XH>
                            )
                            {
                                quatd xformOp:orient = (0.7071067691, -0.000002556955678, -0.000002556956588, 0.7071067691)
                                double3 xformOp:scale = (0.000999987009, 0.000999987009, 0.000999987009)
                                double3 xformOp:translate = (0.00667977985, -0.00009829280316, 0.07680012286)
                                uniform token[] xformOpOrder = ["xformOp:translate", "xformOp:orient", "xformOp:scale"]
                            }

                            def Xform "tn__object_1059_XH" (
                                displayName = "object_1.059"
                                instanceable = true
                                prepend references = @./instances.usda@</Instances/tn__object_1059_XH>
                            )
                            {
                                quatd xformOp:orient = (0.7071067691, -0.000002556955678, -0.000002556956588, 0.7071067691)
                                double3 xformOp:scale = (0.000999987009, 0.000999987009, 0.000999987009)
                                double3 xformOp:translate = (0.00667977985, -0.00009829280316, 0.07680012286)
                                uniform token[] xformOpOrder = ["xformOp:translate", "xformOp:orient", "xformOp:scale"]
                            }

                            def Xform "tn__object_1060_XH" (
                                displayName = "object_1.060"
                                instanceable = true
                                prepend references = @./instances.usda@</Instances/tn__object_1060_XH>
                            )
                            {
                                quatd xformOp:orient = (0.7071067691, -0.000002556955678, -0.000002556956588, 0.7071067691)
                                double3 xformOp:scale = (0.000999987009, 0.000999987009, 0.000999987009)
                                double3 xformOp:translate = (0.00667977985, -0.00009829280316, 0.07680012286)
                                uniform token[] xformOpOrder = ["xformOp:translate", "xformOp:orient", "xformOp:scale"]
                            }

                            def Xform "tn__object_1061_XH" (
                                displayName = "object_1.061"
                                instanceable = true
                                prepend references = @./instances.usda@</Instances/tn__object_1061_XH>
                            )
                            {
                                quatd xformOp:orient = (0.7071067691, -0.000002556955678, -0.000002556956588, 0.7071067691)
                                double3 xformOp:scale = (0.000999987009, 0.000999987009, 0.000999987009)
                                double3 xformOp:translate = (0.00667977985, -0.00009829280316, 0.07680012286)
                                uniform token[] xformOpOrder = ["xformOp:translate", "xformOp:orient", "xformOp:scale"]
                            }

                            def Xform "tn__object_1062_XH" (
                                displayName = "object_1.062"
                                instanceable = true
                                prepend references = @./instances.usda@</Instances/tn__object_1062_XH>
                            )
                            {
                                quatd xformOp:orient = (0.7071067691, -0.000002556955678, -0.000002556956588, 0.7071067691)
                                double3 xformOp:scale = (0.000999987009, 0.000999987009, 0.000999987009)
                                double3 xformOp:translate = (0.00667977985, -0.00009829280316, 0.07680012286)
                                uniform token[] xformOpOrder = ["xformOp:translate", "xformOp:orient", "xformOp:scale"]
                            }

                            def Xform "tn__object_1063_XH" (
                                displayName = "object_1.063"
                                instanceable = true
                                prepend references = @./instances.usda@</Instances/tn__object_1063_XH>
                            )
                            {
                                quatd xformOp:orient = (0.7071067691, -0.000002556955678, -0.000002556956588, 0.7071067691)
                                double3 xformOp:scale = (0.000999987009, 0.000999987009, 0.000999987009)
                                double3 xformOp:translate = (0.00667977985, -0.00009829280316, 0.07680012286)
                                uniform token[] xformOpOrder = ["xformOp:translate", "xformOp:orient", "xformOp:scale"]
                            }

                            def Xform "tn__object_1064_XH" (
                                displayName = "object_1.064"
                                instanceable = true
                                prepend references = @./instances.usda@</Instances/tn__object_1064_XH>
                            )
                            {
                                quatd xformOp:orient = (0.7071067691, -0.000002556955678, -0.000002556956588, 0.7071067691)
                                double3 xformOp:scale = (0.000999987009, 0.000999987009, 0.000999987009)
                                double3 xformOp:translate = (0.00667977985, -0.00009829280316, 0.07680012286)
                                uniform token[] xformOpOrder = ["xformOp:translate", "xformOp:orient", "xformOp:scale"]
                            }

                            def Xform "tn__object_1065_XH" (
                                displayName = "object_1.065"
                                instanceable = true
                                prepend references = @./instances.usda@</Instances/tn__object_1065_XH>
                            )
                            {
                                quatd xformOp:orient = (0.7071067691, -0.000002556955678, -0.000002556956588, 0.7071067691)
                                double3 xformOp:scale = (0.000999987009, 0.000999987009, 0.000999987009)
                                double3 xformOp:translate = (0.00667977985, -0.00009829280316, 0.07680012286)
                                uniform token[] xformOpOrder = ["xformOp:translate", "xformOp:orient", "xformOp:scale"]
                            }

                            def Xform "tn__object_1066_XH" (
                                displayName = "object_1.066"
                                instanceable = true
                                prepend references = @./instances.usda@</Instances/tn__object_1066_XH>
                            )
                            {
                                quatd xformOp:orient = (0.7071067691, -0.000002556955678, -0.000002556956588, 0.7071067691)
                                double3 xformOp:scale = (0.000999987009, 0.000999987009, 0.000999987009)
                                double3 xformOp:translate = (0.00667977985, -0.00009829280316, 0.07680012286)
                                uniform token[] xformOpOrder = ["xformOp:translate", "xformOp:orient", "xformOp:scale"]
                            }

                            def Xform "tn__object_1067_XH" (
                                displayName = "object_1.067"
                                instanceable = true
                                prepend references = @./instances.usda@</Instances/tn__object_1067_XH>
                            )
                            {
                                quatd xformOp:orient = (0.7071067691, -0.000002556955678, -0.000002556956588, 0.7071067691)
                                double3 xformOp:scale = (0.000999987009, 0.000999987009, 0.000999987009)
                                double3 xformOp:translate = (0.00667977985, -0.00009829280316, 0.07680012286)
                                uniform token[] xformOpOrder = ["xformOp:translate", "xformOp:orient", "xformOp:scale"]
                            }

                            def Xform "tn__object_1068_XH" (
                                displayName = "object_1.068"
                                instanceable = true
                                prepend references = @./instances.usda@</Instances/tn__object_1068_XH>
                            )
                            {
                                quatd xformOp:orient = (0.7071067691, -0.000002556955678, -0.000002556956588, 0.7071067691)
                                double3 xformOp:scale = (0.000999987009, 0.000999987009, 0.000999987009)
                                double3 xformOp:translate = (0.00667977985, -0.00009829280316, 0.07680012286)
                                uniform token[] xformOpOrder = ["xformOp:translate", "xformOp:orient", "xformOp:scale"]
                            }

                            def Xform "tn__object_1069_XH" (
                                displayName = "object_1.069"
                                instanceable = true
                                prepend references = @./instances.usda@</Instances/tn__object_1069_XH>
                            )
                            {
                                quatd xformOp:orient = (0.7071067691, -0.000002556955678, -0.000002556956588, 0.7071067691)
                                double3 xformOp:scale = (0.000999987009, 0.000999987009, 0.000999987009)
                                double3 xformOp:translate = (0.00667977985, -0.00009829280316, 0.07680012286)
                                uniform token[] xformOpOrder = ["xformOp:translate", "xformOp:orient", "xformOp:scale"]
                            }

                            def Xform "tn__object_1070_XH" (
                                displayName = "object_1.070"
                                instanceable = true
                                prepend references = @./instances.usda@</Instances/tn__object_1070_XH>
                            )
                            {
                                quatd xformOp:orient = (0.7071067691, -0.000002556955678, -0.000002556956588, 0.7071067691)
                                double3 xformOp:scale = (0.000999987009, 0.000999987009, 0.000999987009)
                                double3 xformOp:translate = (0.00667977985, -0.00009829280316, 0.07680012286)
                                uniform token[] xformOpOrder = ["xformOp:translate", "xformOp:orient", "xformOp:scale"]
                            }

                            def Xform "tn__object_1071_XH" (
                                displayName = "object_1.071"
                                instanceable = true
                                prepend references = @./instances.usda@</Instances/tn__object_1071_XH>
                            )
                            {
                                quatd xformOp:orient = (0.7071067691, -0.000002556955678, -0.000002556956588, 0.7071067691)
                                double3 xformOp:scale = (0.000999987009, 0.000999987009, 0.000999987009)
                                double3 xformOp:translate = (0.00667977985, -0.00009829280316, 0.07680012286)
                                uniform token[] xformOpOrder = ["xformOp:translate", "xformOp:orient", "xformOp:scale"]
                            }

                            def Xform "tn__object_1072_XH" (
                                displayName = "object_1.072"
                                instanceable = true
                                prepend references = @./instances.usda@</Instances/tn__object_1072_XH>
                            )
                            {
                                quatd xformOp:orient = (0.7071067691, -0.000002556955678, -0.000002556956588, 0.7071067691)
                                double3 xformOp:scale = (0.000999987009, 0.000999987009, 0.000999987009)
                                double3 xformOp:translate = (0.00667977985, -0.00009829280316, 0.07680012286)
                                uniform token[] xformOpOrder = ["xformOp:translate", "xformOp:orient", "xformOp:scale"]
                            }

                            def Xform "tn__object_1073_XH" (
                                displayName = "object_1.073"
                                instanceable = true
                                prepend references = @./instances.usda@</Instances/tn__object_1073_XH>
                            )
                            {
                                quatd xformOp:orient = (0.7071067691, -0.000002556955678, -0.000002556956588, 0.7071067691)
                                double3 xformOp:scale = (0.000999987009, 0.000999987009, 0.000999987009)
                                double3 xformOp:translate = (0.00667977985, -0.00009829280316, 0.07680012286)
                                uniform token[] xformOpOrder = ["xformOp:translate", "xformOp:orient", "xformOp:scale"]
                            }

                            def Xform "tn__object_1074_XH" (
                                displayName = "object_1.074"
                                instanceable = true
                                prepend references = @./instances.usda@</Instances/tn__object_1074_XH>
                            )
                            {
                                quatd xformOp:orient = (0.7071067691, -0.000002556955678, -0.000002556956588, 0.7071067691)
                                double3 xformOp:scale = (0.000999987009, 0.000999987009, 0.000999987009)
                                double3 xformOp:translate = (0.00667977985, -0.00009829280316, 0.07680012286)
                                uniform token[] xformOpOrder = ["xformOp:translate", "xformOp:orient", "xformOp:scale"]
                            }

                            def Xform "tn__object_1075_XH" (
                                displayName = "object_1.075"
                                instanceable = true
                                prepend references = @./instances.usda@</Instances/tn__object_1075_XH>
                            )
                            {
                                quatd xformOp:orient = (0.7071067691, -0.000002556955678, -0.000002556956588, 0.7071067691)
                                double3 xformOp:scale = (0.000999987009, 0.000999987009, 0.000999987009)
                                double3 xformOp:translate = (0.00667977985, -0.00009829280316, 0.07680012286)
                                uniform token[] xformOpOrder = ["xformOp:translate", "xformOp:orient", "xformOp:scale"]
                            }

                            def Xform "tn__object_1076_XH" (
                                displayName = "object_1.076"
                                instanceable = true
                                prepend references = @./instances.usda@</Instances/tn__object_1076_XH>
                            )
                            {
                                quatd xformOp:orient = (0.7071067691, -0.000002556955678, -0.000002556956588, 0.7071067691)
                                double3 xformOp:scale = (0.000999987009, 0.000999987009, 0.000999987009)
                                double3 xformOp:translate = (0.00667977985, -0.00009829280316, 0.07680012286)
                                uniform token[] xformOpOrder = ["xformOp:translate", "xformOp:orient", "xformOp:scale"]
                            }

                            def Xform "tn__object_1077_XH" (
                                displayName = "object_1.077"
                                instanceable = true
                                prepend references = @./instances.usda@</Instances/tn__object_1077_XH>
                            )
                            {
                                quatd xformOp:orient = (0.7071067691, -0.000002556955678, -0.000002556956588, 0.7071067691)
                                double3 xformOp:scale = (0.000999987009, 0.000999987009, 0.000999987009)
                                double3 xformOp:translate = (0.00667977985, -0.00009829280316, 0.07680012286)
                                uniform token[] xformOpOrder = ["xformOp:translate", "xformOp:orient", "xformOp:scale"]
                            }

                            def Xform "tn__object_1078_XH" (
                                displayName = "object_1.078"
                                instanceable = true
                                prepend references = @./instances.usda@</Instances/tn__object_1078_XH>
                            )
                            {
                                quatd xformOp:orient = (0.7071067691, -0.000002556955678, -0.000002556956588, 0.7071067691)
                                double3 xformOp:scale = (0.000999987009, 0.000999987009, 0.000999987009)
                                double3 xformOp:translate = (0.00667977985, -0.00009829280316, 0.07680012286)
                                uniform token[] xformOpOrder = ["xformOp:translate", "xformOp:orient", "xformOp:scale"]
                            }

                            def Xform "tn__object_1079_XH" (
                                displayName = "object_1.079"
                                instanceable = true
                                prepend references = @./instances.usda@</Instances/tn__object_1079_XH>
                            )
                            {
                                quatd xformOp:orient = (0.7071067691, -0.000002556955678, -0.000002556956588, 0.7071067691)
                                double3 xformOp:scale = (0.000999987009, 0.000999987009, 0.000999987009)
                                double3 xformOp:translate = (0.00667977985, -0.00009829280316, 0.07680012286)
                                uniform token[] xformOpOrder = ["xformOp:translate", "xformOp:orient", "xformOp:scale"]
                            }

                            def Xform "tn__object_1080_XH" (
                                displayName = "object_1.080"
                                instanceable = true
                                prepend references = @./instances.usda@</Instances/tn__object_1080_XH>
                            )
                            {
                                quatd xformOp:orient = (0.7071067691, -0.000002556955678, -0.000002556956588, 0.7071067691)
                                double3 xformOp:scale = (0.000999987009, 0.000999987009, 0.000999987009)
                                double3 xformOp:translate = (0.00667977985, -0.00009829280316, 0.07680012286)
                                uniform token[] xformOpOrder = ["xformOp:translate", "xformOp:orient", "xformOp:scale"]
                            }

                            def Xform "tn__object_1081_XH" (
                                displayName = "object_1.081"
                                instanceable = true
                                prepend references = @./instances.usda@</Instances/tn__object_1081_XH>
                            )
                            {
                                quatd xformOp:orient = (0.7071067691, -0.000002556955678, -0.000002556956588, 0.7071067691)
                                double3 xformOp:scale = (0.000999987009, 0.000999987009, 0.000999987009)
                                double3 xformOp:translate = (0.00667977985, -0.00009829280316, 0.07680012286)
                                uniform token[] xformOpOrder = ["xformOp:translate", "xformOp:orient", "xformOp:scale"]
                            }

                            def Xform "tn__object_1082_XH" (
                                displayName = "object_1.082"
                                instanceable = true
                                prepend references = @./instances.usda@</Instances/tn__object_1082_XH>
                            )
                            {
                                quatd xformOp:orient = (0.7071067691, -0.000002556955678, -0.000002556956588, 0.7071067691)
                                double3 xformOp:scale = (0.000999987009, 0.000999987009, 0.000999987009)
                                double3 xformOp:translate = (0.00667977985, -0.00009829280316, 0.07680012286)
                                uniform token[] xformOpOrder = ["xformOp:translate", "xformOp:orient", "xformOp:scale"]
                            }

                            def Xform "tn__object_1083_XH" (
                                displayName = "object_1.083"
                                instanceable = true
                                prepend references = @./instances.usda@</Instances/tn__object_1083_XH>
                            )
                            {
                                quatd xformOp:orient = (0.7071067691, -0.000002556955678, -0.000002556956588, 0.7071067691)
                                double3 xformOp:scale = (0.000999987009, 0.000999987009, 0.000999987009)
                                double3 xformOp:translate = (0.00667977985, -0.00009829280316, 0.07680012286)
                                uniform token[] xformOpOrder = ["xformOp:translate", "xformOp:orient", "xformOp:scale"]
                            }

                            def Xform "tn__object_1084_XH" (
                                displayName = "object_1.084"
                                instanceable = true
                                prepend references = @./instances.usda@</Instances/tn__object_1084_XH>
                            )
                            {
                                quatd xformOp:orient = (0.7071067691, -0.000002556955678, -0.000002556956588, 0.7071067691)
                                double3 xformOp:scale = (0.000999987009, 0.000999987009, 0.000999987009)
                                double3 xformOp:translate = (0.00667977985, -0.00009829280316, 0.07680012286)
                                uniform token[] xformOpOrder = ["xformOp:translate", "xformOp:orient", "xformOp:scale"]
                            }

                            def Xform "tn__object_1085_XH" (
                                displayName = "object_1.085"
                                instanceable = true
                                prepend references = @./instances.usda@</Instances/tn__object_1085_XH>
                            )
                            {
                                quatd xformOp:orient = (0.7071067691, -0.000002556955678, -0.000002556956588, 0.7071067691)
                                double3 xformOp:scale = (0.000999987009, 0.000999987009, 0.000999987009)
                                double3 xformOp:translate = (0.00667977985, -0.00009829280316, 0.07680012286)
                                uniform token[] xformOpOrder = ["xformOp:translate", "xformOp:orient", "xformOp:scale"]
                            }

                            def Xform "tn__object_1086_XH" (
                                displayName = "object_1.086"
                                instanceable = true
                                prepend references = @./instances.usda@</Instances/tn__object_1086_XH>
                            )
                            {
                                quatd xformOp:orient = (0.7071067691, -0.000002556955678, -0.000002556956588, 0.7071067691)
                                double3 xformOp:scale = (0.000999987009, 0.000999987009, 0.000999987009)
                                double3 xformOp:translate = (0.00667977985, -0.00009829280316, 0.07680012286)
                                uniform token[] xformOpOrder = ["xformOp:translate", "xformOp:orient", "xformOp:scale"]
                            }

                            def Xform "tn__object_1087_XH" (
                                displayName = "object_1.087"
                                instanceable = true
                                prepend references = @./instances.usda@</Instances/tn__object_1087_XH>
                            )
                            {
                                quatd xformOp:orient = (0.7071067691, -0.000002556955678, -0.000002556956588, 0.7071067691)
                                double3 xformOp:scale = (0.000999987009, 0.000999987009, 0.000999987009)
                                double3 xformOp:translate = (0.00667977985, -0.00009829280316, 0.07680012286)
                                uniform token[] xformOpOrder = ["xformOp:translate", "xformOp:orient", "xformOp:scale"]
                            }

                            def Xform "tn__object_1088_XH" (
                                displayName = "object_1.088"
                                instanceable = true
                                prepend references = @./instances.usda@</Instances/tn__object_1088_XH>
                            )
                            {
                                quatd xformOp:orient = (0.7071067691, -0.000002556955678, -0.000002556956588, 0.7071067691)
                                double3 xformOp:scale = (0.000999987009, 0.000999987009, 0.000999987009)
                                double3 xformOp:translate = (0.00667977985, -0.00009829280316, 0.07680012286)
                                uniform token[] xformOpOrder = ["xformOp:translate", "xformOp:orient", "xformOp:scale"]
                            }

                            def Xform "tn__object_1089_XH" (
                                displayName = "object_1.089"
                                instanceable = true
                                prepend references = @./instances.usda@</Instances/tn__object_1089_XH>
                            )
                            {
                                quatd xformOp:orient = (0.7071067691, -0.000002556955678, -0.000002556956588, 0.7071067691)
                                double3 xformOp:scale = (0.000999987009, 0.000999987009, 0.000999987009)
                                double3 xformOp:translate = (0.00667977985, -0.00009829280316, 0.07680012286)
                                uniform token[] xformOpOrder = ["xformOp:translate", "xformOp:orient", "xformOp:scale"]
                            }

                            def Xform "tn__object_1090_XH" (
                                displayName = "object_1.090"
                                instanceable = true
                                prepend references = @./instances.usda@</Instances/tn__object_1090_XH>
                            )
                            {
                                quatd xformOp:orient = (0.7071067691, -0.000002556955678, -0.000002556956588, 0.7071067691)
                                double3 xformOp:scale = (0.000999987009, 0.000999987009, 0.000999987009)
                                double3 xformOp:translate = (0.00667977985, -0.00009829280316, 0.07680012286)
                                uniform token[] xformOpOrder = ["xformOp:translate", "xformOp:orient", "xformOp:scale"]
                            }

                            def Xform "tn__object_1091_XH" (
                                displayName = "object_1.091"
                                instanceable = true
                                prepend references = @./instances.usda@</Instances/tn__object_1091_XH>
                            )
                            {
                                quatd xformOp:orient = (0.7071067691, -0.000002556955678, -0.000002556956588, 0.7071067691)
                                double3 xformOp:scale = (0.000999987009, 0.000999987009, 0.000999987009)
                                double3 xformOp:translate = (0.00667977985, -0.00009829280316, 0.07680012286)
                                uniform token[] xformOpOrder = ["xformOp:translate", "xformOp:orient", "xformOp:scale"]
                            }

                            def Xform "tn__object_1092_XH" (
                                displayName = "object_1.092"
                                instanceable = true
                                prepend references = @./instances.usda@</Instances/tn__object_1092_XH>
                            )
                            {
                                quatd xformOp:orient = (0.7071067691, -0.000002556955678, -0.000002556956588, 0.7071067691)
                                double3 xformOp:scale = (0.000999987009, 0.000999987009, 0.000999987009)
                                double3 xformOp:translate = (0.00667977985, -0.00009829280316, 0.07680012286)
                                uniform token[] xformOpOrder = ["xformOp:translate", "xformOp:orient", "xformOp:scale"]
                            }

                            def Xform "tn__object_1093_XH" (
                                displayName = "object_1.093"
                                instanceable = true
                                prepend references = @./instances.usda@</Instances/tn__object_1093_XH>
                            )
                            {
                                quatd xformOp:orient = (0.7071067691, -0.000002556955678, -0.000002556956588, 0.7071067691)
                                double3 xformOp:scale = (0.000999987009, 0.000999987009, 0.000999987009)
                                double3 xformOp:translate = (0.00667977985, -0.00009829280316, 0.07680012286)
                                uniform token[] xformOpOrder = ["xformOp:translate", "xformOp:orient", "xformOp:scale"]
                            }

                            def Xform "tn__object_1094_XH" (
                                displayName = "object_1.094"
                                instanceable = true
                                prepend references = @./instances.usda@</Instances/tn__object_1094_XH>
                            )
                            {
                                quatd xformOp:orient = (0.7071067691, -0.000002556955678, -0.000002556956588, 0.7071067691)
                                double3 xformOp:scale = (0.000999987009, 0.000999987009, 0.000999987009)
                                double3 xformOp:translate = (0.00667977985, -0.00009829280316, 0.07680012286)
                                uniform token[] xformOpOrder = ["xformOp:translate", "xformOp:orient", "xformOp:scale"]
                            }

                            def Xform "tn__object_1095_XH" (
                                displayName = "object_1.095"
                                instanceable = true
                                prepend references = @./instances.usda@</Instances/tn__object_1095_XH>
                            )
                            {
                                quatd xformOp:orient = (0.7071067691, -0.000002556955678, -0.000002556956588, 0.7071067691)
                                double3 xformOp:scale = (0.000999987009, 0.000999987009, 0.000999987009)
                                double3 xformOp:translate = (0.00667977985, -0.00009829280316, 0.07680012286)
                                uniform token[] xformOpOrder = ["xformOp:translate", "xformOp:orient", "xformOp:scale"]
                            }

                            def Xform "tn__object_1096_XH" (
                                displayName = "object_1.096"
                                instanceable = true
                                prepend references = @./instances.usda@</Instances/tn__object_1096_XH>
                            )
                            {
                                quatd xformOp:orient = (0.7071067691, -0.000002556955678, -0.000002556956588, 0.7071067691)
                                double3 xformOp:scale = (0.000999987009, 0.000999987009, 0.000999987009)
                                double3 xformOp:translate = (0.00667977985, -0.00009829280316, 0.07680012286)
                                uniform token[] xformOpOrder = ["xformOp:translate", "xformOp:orient", "xformOp:scale"]
                            }

                            def Xform "tn__object_1097_XH" (
                                displayName = "object_1.097"
                                instanceable = true
                                prepend references = @./instances.usda@</Instances/tn__object_1097_XH>
                            )
                            {
                                quatd xformOp:orient = (0.7071067691, -0.000002556955678, -0.000002556956588, 0.7071067691)
                                double3 xformOp:scale = (0.000999987009, 0.000999987009, 0.000999987009)
                                double3 xformOp:translate = (0.00667977985, -0.00009829280316, 0.07680012286)
                                uniform token[] xformOpOrder = ["xformOp:translate", "xformOp:orient", "xformOp:scale"]
                            }

                            def Xform "tn__object_1098_XH" (
                                displayName = "object_1.098"
                                instanceable = true
                                prepend references = @./instances.usda@</Instances/tn__object_1098_XH>
                            )
                            {
                                quatd xformOp:orient = (0.7071067691, -0.000002556955678, -0.000002556956588, 0.7071067691)
                                double3 xformOp:scale = (0.000999987009, 0.000999987009, 0.000999987009)
                                double3 xformOp:translate = (0.00667977985, -0.00009829280316, 0.07680012286)
                                uniform token[] xformOpOrder = ["xformOp:translate", "xformOp:orient", "xformOp:scale"]
                            }

                            def Xform "tn__object_1099_XH" (
                                displayName = "object_1.099"
                                instanceable = true
                                prepend references = @./instances.usda@</Instances/tn__object_1099_XH>
                            )
                            {
                                quatd xformOp:orient = (0.7071067691, -0.000002556955678, -0.000002556956588, 0.7071067691)
                                double3 xformOp:scale = (0.000999987009, 0.000999987009, 0.000999987009)
                                double3 xformOp:translate = (0.00667977985, -0.00009829280316, 0.07680012286)
                                uniform token[] xformOpOrder = ["xformOp:translate", "xformOp:orient", "xformOp:scale"]
                            }

                            def Xform "tn__object_1100_XH" (
                                displayName = "object_1.100"
                                instanceable = true
                                prepend references = @./instances.usda@</Instances/tn__object_1100_XH>
                            )
                            {
                                quatd xformOp:orient = (0.7071067691, -0.000002556955678, -0.000002556956588, 0.7071067691)
                                double3 xformOp:scale = (0.000999987009, 0.000999987009, 0.000999987009)
                                double3 xformOp:translate = (0.00667977985, -0.00009829280316, 0.07680012286)
                                uniform token[] xformOpOrder = ["xformOp:translate", "xformOp:orient", "xformOp:scale"]
                            }

                            def Xform "tn__object_1101_XH" (
                                displayName = "object_1.101"
                                instanceable = true
                                prepend references = @./instances.usda@</Instances/tn__object_1101_XH>
                            )
                            {
                                quatd xformOp:orient = (0.7071067691, -0.000002556955678, -0.000002556956588, 0.7071067691)
                                double3 xformOp:scale = (0.000999987009, 0.000999987009, 0.000999987009)
                                double3 xformOp:translate = (0.00667977985, -0.00009829280316, 0.07680012286)
                                uniform token[] xformOpOrder = ["xformOp:translate", "xformOp:orient", "xformOp:scale"]
                            }

                            def Xform "tn__object_1102_XH" (
                                displayName = "object_1.102"
                                instanceable = true
                                prepend references = @./instances.usda@</Instances/tn__object_1102_XH>
                            )
                            {
                                quatd xformOp:orient = (0.7071067691, -0.000002556955678, -0.000002556956588, 0.7071067691)
                                double3 xformOp:scale = (0.000999987009, 0.000999987009, 0.000999987009)
                                double3 xformOp:translate = (0.00667977985, -0.00009829280316, 0.07680012286)
                                uniform token[] xformOpOrder = ["xformOp:translate", "xformOp:orient", "xformOp:scale"]
                            }

                            def Xform "tn__object_1103_XH" (
                                displayName = "object_1.103"
                                instanceable = true
                                prepend references = @./instances.usda@</Instances/tn__object_1103_XH>
                            )
                            {
                                quatd xformOp:orient = (0.7071067691, -0.000002556955678, -0.000002556956588, 0.7071067691)
                                double3 xformOp:scale = (0.000999987009, 0.000999987009, 0.000999987009)
                                double3 xformOp:translate = (0.00667977985, -0.00009829280316, 0.07680012286)
                                uniform token[] xformOpOrder = ["xformOp:translate", "xformOp:orient", "xformOp:scale"]
                            }

                            def Xform "tn__object_1104_XH" (
                                displayName = "object_1.104"
                                instanceable = true
                                prepend references = @./instances.usda@</Instances/tn__object_1104_XH>
                            )
                            {
                                quatd xformOp:orient = (0.7071067691, -0.000002556955678, -0.000002556956588, 0.7071067691)
                                double3 xformOp:scale = (0.000999987009, 0.000999987009, 0.000999987009)
                                double3 xformOp:translate = (0.00667977985, -0.00009829280316, 0.07680012286)
                                uniform token[] xformOpOrder = ["xformOp:translate", "xformOp:orient", "xformOp:scale"]
                            }

                            def Xform "tn__object_1105_XH" (
                                displayName = "object_1.105"
                                instanceable = true
                                prepend references = @./instances.usda@</Instances/tn__object_1105_XH>
                            )
                            {
                                quatd xformOp:orient = (0.7071067691, -0.000002556955678, -0.000002556956588, 0.7071067691)
                                double3 xformOp:scale = (0.000999987009, 0.000999987009, 0.000999987009)
                                double3 xformOp:translate = (0.00667977985, -0.00009829280316, 0.07680012286)
                                uniform token[] xformOpOrder = ["xformOp:translate", "xformOp:orient", "xformOp:scale"]
                            }

                            def Xform "tn__object_1106_XH" (
                                displayName = "object_1.106"
                                instanceable = true
                                prepend references = @./instances.usda@</Instances/tn__object_1106_XH>
                            )
                            {
                                quatd xformOp:orient = (0.7071067691, -0.000002556955678, -0.000002556956588, 0.7071067691)
                                double3 xformOp:scale = (0.000999987009, 0.000999987009, 0.000999987009)
                                double3 xformOp:translate = (0.00667977985, -0.00009829280316, 0.07680012286)
                                uniform token[] xformOpOrder = ["xformOp:translate", "xformOp:orient", "xformOp:scale"]
                            }

                            def Xform "tn__object_1107_XH" (
                                displayName = "object_1.107"
                                instanceable = true
                                prepend references = @./instances.usda@</Instances/tn__object_1107_XH>
                            )
                            {
                                quatd xformOp:orient = (0.7071067691, -0.000002556955678, -0.000002556956588, 0.7071067691)
                                double3 xformOp:scale = (0.000999987009, 0.000999987009, 0.000999987009)
                                double3 xformOp:translate = (0.00667977985, -0.00009829280316, 0.07680012286)
                                uniform token[] xformOpOrder = ["xformOp:translate", "xformOp:orient", "xformOp:scale"]
                            }

                            def Xform "tn__object_1108_XH" (
                                displayName = "object_1.108"
                                instanceable = true
                                prepend references = @./instances.usda@</Instances/tn__object_1108_XH>
                            )
                            {
                                quatd xformOp:orient = (0.7071067691, -0.000002556955678, -0.000002556956588, 0.7071067691)
                                double3 xformOp:scale = (0.000999987009, 0.000999987009, 0.000999987009)
                                double3 xformOp:translate = (0.00667977985, -0.00009829280316, 0.07680012286)
                                uniform token[] xformOpOrder = ["xformOp:translate", "xformOp:orient", "xformOp:scale"]
                            }

                            def Xform "tn__object_1109_XH" (
                                displayName = "object_1.109"
                                instanceable = true
                                prepend references = @./instances.usda@</Instances/tn__object_1109_XH>
                            )
                            {
                                quatd xformOp:orient = (0.7071067691, -0.000002556955678, -0.000002556956588, 0.7071067691)
                                double3 xformOp:scale = (0.000999987009, 0.000999987009, 0.000999987009)
                                double3 xformOp:translate = (0.00667977985, -0.00009829280316, 0.07680012286)
                                uniform token[] xformOpOrder = ["xformOp:translate", "xformOp:orient", "xformOp:scale"]
                            }

                            def Xform "tn__object_1110_XH" (
                                displayName = "object_1.110"
                                instanceable = true
                                prepend references = @./instances.usda@</Instances/tn__object_1110_XH>
                            )
                            {
                                quatd xformOp:orient = (0.7071067691, -0.000002556955678, -0.000002556956588, 0.7071067691)
                                double3 xformOp:scale = (0.000999987009, 0.000999987009, 0.000999987009)
                                double3 xformOp:translate = (0.00667977985, -0.00009829280316, 0.07680012286)
                                uniform token[] xformOpOrder = ["xformOp:translate", "xformOp:orient", "xformOp:scale"]
                            }

                            def Xform "tn__object_1111_XH" (
                                displayName = "object_1.111"
                                instanceable = true
                                prepend references = @./instances.usda@</Instances/tn__object_1111_XH>
                            )
                            {
                                quatd xformOp:orient = (0.7071067691, -0.000002556955678, -0.000002556956588, 0.7071067691)
                                double3 xformOp:scale = (0.000999987009, 0.000999987009, 0.000999987009)
                                double3 xformOp:translate = (0.00667977985, -0.00009829280316, 0.07680012286)
                                uniform token[] xformOpOrder = ["xformOp:translate", "xformOp:orient", "xformOp:scale"]
                            }

                            def Xform "tn__object_1112_XH" (
                                displayName = "object_1.112"
                                instanceable = true
                                prepend references = @./instances.usda@</Instances/tn__object_1112_XH>
                            )
                            {
                                quatd xformOp:orient = (0.7071067691, -0.000002556955678, -0.000002556956588, 0.7071067691)
                                double3 xformOp:scale = (0.000999987009, 0.000999987009, 0.000999987009)
                                double3 xformOp:translate = (0.00667977985, -0.00009829280316, 0.07680012286)
                                uniform token[] xformOpOrder = ["xformOp:translate", "xformOp:orient", "xformOp:scale"]
                            }

                            def Xform "tn__object_1113_XH" (
                                displayName = "object_1.113"
                                instanceable = true
                                prepend references = @./instances.usda@</Instances/tn__object_1113_XH>
                            )
                            {
                                quatd xformOp:orient = (0.7071067691, -0.000002556955678, -0.000002556956588, 0.7071067691)
                                double3 xformOp:scale = (0.000999987009, 0.000999987009, 0.000999987009)
                                double3 xformOp:translate = (0.00667977985, -0.00009829280316, 0.07680012286)
                                uniform token[] xformOpOrder = ["xformOp:translate", "xformOp:orient", "xformOp:scale"]
                            }

                            def Xform "tn__object_1114_XH" (
                                displayName = "object_1.114"
                                instanceable = true
                                prepend references = @./instances.usda@</Instances/tn__object_1114_XH>
                            )
                            {
                                quatd xformOp:orient = (0.7071067691, -0.000002556955678, -0.000002556956588, 0.7071067691)
                                double3 xformOp:scale = (0.000999987009, 0.000999987009, 0.000999987009)
                                double3 xformOp:translate = (0.00667977985, -0.00009829280316, 0.07680012286)
                                uniform token[] xformOpOrder = ["xformOp:translate", "xformOp:orient", "xformOp:scale"]
                            }

                            def Xform "tn__object_1115_XH" (
                                displayName = "object_1.115"
                                instanceable = true
                                prepend references = @./instances.usda@</Instances/tn__object_1115_XH>
                            )
                            {
                                quatd xformOp:orient = (0.7071067691, -0.000002556955678, -0.000002556956588, 0.7071067691)
                                double3 xformOp:scale = (0.000999987009, 0.000999987009, 0.000999987009)
                                double3 xformOp:translate = (0.00667977985, -0.00009829280316, 0.07680012286)
                                uniform token[] xformOpOrder = ["xformOp:translate", "xformOp:orient", "xformOp:scale"]
                            }

                            def Xform "tn__object_1116_XH" (
                                displayName = "object_1.116"
                                instanceable = true
                                prepend references = @./instances.usda@</Instances/tn__object_1116_XH>
                            )
                            {
                                quatd xformOp:orient = (0.7071067691, -0.000002556955678, -0.000002556956588, 0.7071067691)
                                double3 xformOp:scale = (0.000999987009, 0.000999987009, 0.000999987009)
                                double3 xformOp:translate = (0.00667977985, -0.00009829280316, 0.07680012286)
                                uniform token[] xformOpOrder = ["xformOp:translate", "xformOp:orient", "xformOp:scale"]
                            }

                            def Xform "tn__object_1117_XH" (
                                displayName = "object_1.117"
                                instanceable = true
                                prepend references = @./instances.usda@</Instances/tn__object_1117_XH>
                            )
                            {
                                quatd xformOp:orient = (0.7071067691, -0.000002556955678, -0.000002556956588, 0.7071067691)
                                double3 xformOp:scale = (0.000999987009, 0.000999987009, 0.000999987009)
                                double3 xformOp:translate = (0.00667977985, -0.00009829280316, 0.07680012286)
                                uniform token[] xformOpOrder = ["xformOp:translate", "xformOp:orient", "xformOp:scale"]
                            }

                            def Xform "tn__object_1118_XH" (
                                displayName = "object_1.118"
                                instanceable = true
                                prepend references = @./instances.usda@</Instances/tn__object_1118_XH>
                            )
                            {
                                quatd xformOp:orient = (0.7071067691, -0.000002556955678, -0.000002556956588, 0.7071067691)
                                double3 xformOp:scale = (0.000999987009, 0.000999987009, 0.000999987009)
                                double3 xformOp:translate = (0.00667977985, -0.00009829280316, 0.07680012286)
                                uniform token[] xformOpOrder = ["xformOp:translate", "xformOp:orient", "xformOp:scale"]
                            }

                            def Xform "tn__object_1119_XH" (
                                displayName = "object_1.119"
                                instanceable = true
                                prepend references = @./instances.usda@</Instances/tn__object_1119_XH>
                            )
                            {
                                quatd xformOp:orient = (0.7071067691, -0.000002556955678, -0.000002556956588, 0.7071067691)
                                double3 xformOp:scale = (0.000999987009, 0.000999987009, 0.000999987009)
                                double3 xformOp:translate = (0.00667977985, -0.00009829280316, 0.07680012286)
                                uniform token[] xformOpOrder = ["xformOp:translate", "xformOp:orient", "xformOp:scale"]
                            }

                            def Xform "tn__object_1120_XH" (
                                displayName = "object_1.120"
                                instanceable = true
                                prepend references = @./instances.usda@</Instances/tn__object_1120_XH>
                            )
                            {
                                quatd xformOp:orient = (0.7071067691, -0.000002556955678, -0.000002556956588, 0.7071067691)
                                double3 xformOp:scale = (0.000999987009, 0.000999987009, 0.000999987009)
                                double3 xformOp:translate = (0.00667977985, -0.00009829280316, 0.07680012286)
                                uniform token[] xformOpOrder = ["xformOp:translate", "xformOp:orient", "xformOp:scale"]
                            }

                            def Xform "tn__object_1121_XH" (
                                displayName = "object_1.121"
                                instanceable = true
                                prepend references = @./instances.usda@</Instances/tn__object_1121_XH>
                            )
                            {
                                quatd xformOp:orient = (0.7071067691, -0.000002556955678, -0.000002556956588, 0.7071067691)
                                double3 xformOp:scale = (0.000999987009, 0.000999987009, 0.000999987009)
                                double3 xformOp:translate = (0.00667977985, -0.00009829280316, 0.07680012286)
                                uniform token[] xformOpOrder = ["xformOp:translate", "xformOp:orient", "xformOp:scale"]
                            }

                            def Xform "tn__object_1122_XH" (
                                displayName = "object_1.122"
                                instanceable = true
                                prepend references = @./instances.usda@</Instances/tn__object_1122_XH>
                            )
                            {
                                quatd xformOp:orient = (0.7071067691, -0.000002556955678, -0.000002556956588, 0.7071067691)
                                double3 xformOp:scale = (0.000999987009, 0.000999987009, 0.000999987009)
                                double3 xformOp:translate = (0.00667977985, -0.00009829280316, 0.07680012286)
                                uniform token[] xformOpOrder = ["xformOp:translate", "xformOp:orient", "xformOp:scale"]
                            }

                            def Xform "tn__object_1123_XH" (
                                displayName = "object_1.123"
                                instanceable = true
                                prepend references = @./instances.usda@</Instances/tn__object_1123_XH>
                            )
                            {
                                quatd xformOp:orient = (0.7071067691, -0.000002556955678, -0.000002556956588, 0.7071067691)
                                double3 xformOp:scale = (0.000999987009, 0.000999987009, 0.000999987009)
                                double3 xformOp:translate = (0.00667977985, -0.00009829280316, 0.07680012286)
                                uniform token[] xformOpOrder = ["xformOp:translate", "xformOp:orient", "xformOp:scale"]
                            }

                            def Xform "tn__object_1124_XH" (
                                displayName = "object_1.124"
                                instanceable = true
                                prepend references = @./instances.usda@</Instances/tn__object_1124_XH>
                            )
                            {
                                quatd xformOp:orient = (0.7071067691, -0.000002556955678, -0.000002556956588, 0.7071067691)
                                double3 xformOp:scale = (0.000999987009, 0.000999987009, 0.000999987009)
                                double3 xformOp:translate = (0.00667977985, -0.00009829280316, 0.07680012286)
                                uniform token[] xformOpOrder = ["xformOp:translate", "xformOp:orient", "xformOp:scale"]
                            }

                            def Xform "tn__object_1125_XH" (
                                displayName = "object_1.125"
                                instanceable = true
                                prepend references = @./instances.usda@</Instances/tn__object_1125_XH>
                            )
                            {
                                quatd xformOp:orient = (0.7071067691, -0.000002556955678, -0.000002556956588, 0.7071067691)
                                double3 xformOp:scale = (0.000999987009, 0.000999987009, 0.000999987009)
                                double3 xformOp:translate = (0.00667977985, -0.00009829280316, 0.07680012286)
                                uniform token[] xformOpOrder = ["xformOp:translate", "xformOp:orient", "xformOp:scale"]
                            }

                            def Xform "tn__object_1126_XH" (
                                displayName = "object_1.126"
                                instanceable = true
                                prepend references = @./instances.usda@</Instances/tn__object_1126_XH>
                            )
                            {
                                quatd xformOp:orient = (0.7071067691, -0.000002556955678, -0.000002556956588, 0.7071067691)
                                double3 xformOp:scale = (0.000999987009, 0.000999987009, 0.000999987009)
                                double3 xformOp:translate = (0.00667977985, -0.00009829280316, 0.07680012286)
                                uniform token[] xformOpOrder = ["xformOp:translate", "xformOp:orient", "xformOp:scale"]
                            }

                            def Xform "tn__object_1127_XH" (
                                displayName = "object_1.127"
                                instanceable = true
                                prepend references = @./instances.usda@</Instances/tn__object_1127_XH>
                            )
                            {
                                quatd xformOp:orient = (0.7071067691, -0.000002556955678, -0.000002556956588, 0.7071067691)
                                double3 xformOp:scale = (0.000999987009, 0.000999987009, 0.000999987009)
                                double3 xformOp:translate = (0.00667977985, -0.00009829280316, 0.07680012286)
                                uniform token[] xformOpOrder = ["xformOp:translate", "xformOp:orient", "xformOp:scale"]
                            }

                            def Xform "tn__object_1128_XH" (
                                displayName = "object_1.128"
                                instanceable = true
                                prepend references = @./instances.usda@</Instances/tn__object_1128_XH>
                            )
                            {
                                quatd xformOp:orient = (0.7071067691, -0.000002556955678, -0.000002556956588, 0.7071067691)
                                double3 xformOp:scale = (0.000999987009, 0.000999987009, 0.000999987009)
                                double3 xformOp:translate = (0.00667977985, -0.00009829280316, 0.07680012286)
                                uniform token[] xformOpOrder = ["xformOp:translate", "xformOp:orient", "xformOp:scale"]
                            }

                            def Xform "tn__object_1129_XH" (
                                displayName = "object_1.129"
                                instanceable = true
                                prepend references = @./instances.usda@</Instances/tn__object_1129_XH>
                            )
                            {
                                quatd xformOp:orient = (0.7071067691, -0.000002556955678, -0.000002556956588, 0.7071067691)
                                double3 xformOp:scale = (0.000999987009, 0.000999987009, 0.000999987009)
                                double3 xformOp:translate = (0.00667977985, -0.00009829280316, 0.07680012286)
                                uniform token[] xformOpOrder = ["xformOp:translate", "xformOp:orient", "xformOp:scale"]
                            }

                            def Xform "tn__object_1130_XH" (
                                displayName = "object_1.130"
                                instanceable = true
                                prepend references = @./instances.usda@</Instances/tn__object_1130_XH>
                            )
                            {
                                quatd xformOp:orient = (0.7071067691, -0.000002556955678, -0.000002556956588, 0.7071067691)
                                double3 xformOp:scale = (0.000999987009, 0.000999987009, 0.000999987009)
                                double3 xformOp:translate = (0.00667977985, -0.00009829280316, 0.07680012286)
                                uniform token[] xformOpOrder = ["xformOp:translate", "xformOp:orient", "xformOp:scale"]
                            }

                            def Xform "tn__object_1131_XH" (
                                displayName = "object_1.131"
                                instanceable = true
                                prepend references = @./instances.usda@</Instances/tn__object_1131_XH>
                            )
                            {
                                quatd xformOp:orient = (0.7071067691, -0.000002556955678, -0.000002556956588, 0.7071067691)
                                double3 xformOp:scale = (0.000999987009, 0.000999987009, 0.000999987009)
                                double3 xformOp:translate = (0.00667977985, -0.00009829280316, 0.07680012286)
                                uniform token[] xformOpOrder = ["xformOp:translate", "xformOp:orient", "xformOp:scale"]
                            }

                            def Xform "tn__object_1132_XH" (
                                displayName = "object_1.132"
                                instanceable = true
                                prepend references = @./instances.usda@</Instances/tn__object_1132_XH>
                            )
                            {
                                quatd xformOp:orient = (0.7071067691, -0.000002556955678, -0.000002556956588, 0.7071067691)
                                double3 xformOp:scale = (0.000999987009, 0.000999987009, 0.000999987009)
                                double3 xformOp:translate = (0.00667977985, -0.00009829280316, 0.07680012286)
                                uniform token[] xformOpOrder = ["xformOp:translate", "xformOp:orient", "xformOp:scale"]
                            }

                            def Xform "tn__object_1133_XH" (
                                displayName = "object_1.133"
                                instanceable = true
                                prepend references = @./instances.usda@</Instances/tn__object_1133_XH>
                            )
                            {
                                quatd xformOp:orient = (0.7071067691, -0.000002556955678, -0.000002556956588, 0.7071067691)
                                double3 xformOp:scale = (0.000999987009, 0.000999987009, 0.000999987009)
                                double3 xformOp:translate = (0.00667977985, -0.00009829280316, 0.07680012286)
                                uniform token[] xformOpOrder = ["xformOp:translate", "xformOp:orient", "xformOp:scale"]
                            }

                            def Xform "tn__object_1134_XH" (
                                displayName = "object_1.134"
                                instanceable = true
                                prepend references = @./instances.usda@</Instances/tn__object_1134_XH>
                            )
                            {
                                quatd xformOp:orient = (0.7071067691, -0.000002556955678, -0.000002556956588, 0.7071067691)
                                double3 xformOp:scale = (0.000999987009, 0.000999987009, 0.000999987009)
                                double3 xformOp:translate = (0.00667977985, -0.00009829280316, 0.07680012286)
                                uniform token[] xformOpOrder = ["xformOp:translate", "xformOp:orient", "xformOp:scale"]
                            }

                            def Xform "tn__object_1135_XH" (
                                displayName = "object_1.135"
                                instanceable = true
                                prepend references = @./instances.usda@</Instances/tn__object_1135_XH>
                            )
                            {
                                quatd xformOp:orient = (0.7071067691, -0.000002556955678, -0.000002556956588, 0.7071067691)
                                double3 xformOp:scale = (0.000999987009, 0.000999987009, 0.000999987009)
                                double3 xformOp:translate = (0.00667977985, -0.00009829280316, 0.07680012286)
                                uniform token[] xformOpOrder = ["xformOp:translate", "xformOp:orient", "xformOp:scale"]
                            }

                            def Xform "tn__object_1136_XH" (
                                displayName = "object_1.136"
                                instanceable = true
                                prepend references = @./instances.usda@</Instances/tn__object_1136_XH>
                            )
                            {
                                quatd xformOp:orient = (0.7071067691, -0.000002556955678, -0.000002556956588, 0.7071067691)
                                double3 xformOp:scale = (0.000999987009, 0.000999987009, 0.000999987009)
                                double3 xformOp:translate = (0.00667977985, -0.00009829280316, 0.07680012286)
                                uniform token[] xformOpOrder = ["xformOp:translate", "xformOp:orient", "xformOp:scale"]
                            }

                            def Xform "tn__object_1137_XH" (
                                displayName = "object_1.137"
                                instanceable = true
                                prepend references = @./instances.usda@</Instances/tn__object_1137_XH>
                            )
                            {
                                quatd xformOp:orient = (0.7071067691, -0.000002556955678, -0.000002556956588, 0.7071067691)
                                double3 xformOp:scale = (0.000999987009, 0.000999987009, 0.000999987009)
                                double3 xformOp:translate = (0.00667977985, -0.00009829280316, 0.07680012286)
                                uniform token[] xformOpOrder = ["xformOp:translate", "xformOp:orient", "xformOp:scale"]
                            }

                            def Xform "tn__object_1138_XH" (
                                displayName = "object_1.138"
                                instanceable = true
                                prepend references = @./instances.usda@</Instances/tn__object_1138_XH>
                            )
                            {
                                quatd xformOp:orient = (0.7071067691, -0.000002556955678, -0.000002556956588, 0.7071067691)
                                double3 xformOp:scale = (0.000999987009, 0.000999987009, 0.000999987009)
                                double3 xformOp:translate = (0.00667977985, -0.00009829280316, 0.07680012286)
                                uniform token[] xformOpOrder = ["xformOp:translate", "xformOp:orient", "xformOp:scale"]
                            }

                            def Xform "tn__object_1139_XH" (
                                displayName = "object_1.139"
                                instanceable = true
                                prepend references = @./instances.usda@</Instances/tn__object_1139_XH>
                            )
                            {
                                quatd xformOp:orient = (0.7071067691, -0.000002556955678, -0.000002556956588, 0.7071067691)
                                double3 xformOp:scale = (0.000999987009, 0.000999987009, 0.000999987009)
                                double3 xformOp:translate = (0.00667977985, -0.00009829280316, 0.07680012286)
                                uniform token[] xformOpOrder = ["xformOp:translate", "xformOp:orient", "xformOp:scale"]
                            }

                            def Xform "tn__object_1140_XH" (
                                displayName = "object_1.140"
                                instanceable = true
                                prepend references = @./instances.usda@</Instances/tn__object_1140_XH>
                            )
                            {
                                quatd xformOp:orient = (0.7071067691, -0.000002556955678, -0.000002556956588, 0.7071067691)
                                double3 xformOp:scale = (0.000999987009, 0.000999987009, 0.000999987009)
                                double3 xformOp:translate = (0.00667977985, -0.00009829280316, 0.07680012286)
                                uniform token[] xformOpOrder = ["xformOp:translate", "xformOp:orient", "xformOp:scale"]
                            }

                            def Xform "tn__object_1141_XH" (
                                displayName = "object_1.141"
                                instanceable = true
                                prepend references = @./instances.usda@</Instances/tn__object_1141_XH>
                            )
                            {
                                quatd xformOp:orient = (0.7071067691, -0.000002556955678, -0.000002556956588, 0.7071067691)
                                double3 xformOp:scale = (0.000999987009, 0.000999987009, 0.000999987009)
                                double3 xformOp:translate = (0.00667977985, -0.00009829280316, 0.07680012286)
                                uniform token[] xformOpOrder = ["xformOp:translate", "xformOp:orient", "xformOp:scale"]
                            }

                            def Xform "tn__object_1142_XH" (
                                displayName = "object_1.142"
                                instanceable = true
                                prepend references = @./instances.usda@</Instances/tn__object_1142_XH>
                            )
                            {
                                quatd xformOp:orient = (0.7071067691, -0.000002556955678, -0.000002556956588, 0.7071067691)
                                double3 xformOp:scale = (0.000999987009, 0.000999987009, 0.000999987009)
                                double3 xformOp:translate = (0.00667977985, -0.00009829280316, 0.07680012286)
                                uniform token[] xformOpOrder = ["xformOp:translate", "xformOp:orient", "xformOp:scale"]
                            }

                            def Xform "tn__object_1143_XH" (
                                displayName = "object_1.143"
                                instanceable = true
                                prepend references = @./instances.usda@</Instances/tn__object_1143_XH>
                            )
                            {
                                quatd xformOp:orient = (0.7071067691, -0.000002556955678, -0.000002556956588, 0.7071067691)
                                double3 xformOp:scale = (0.000999987009, 0.000999987009, 0.000999987009)
                                double3 xformOp:translate = (0.00667977985, -0.00009829280316, 0.07680012286)
                                uniform token[] xformOpOrder = ["xformOp:translate", "xformOp:orient", "xformOp:scale"]
                            }

                            def Xform "tn__object_1144_XH" (
                                displayName = "object_1.144"
                                instanceable = true
                                prepend references = @./instances.usda@</Instances/tn__object_1144_XH>
                            )
                            {
                                quatd xformOp:orient = (0.7071067691, -0.000002556955678, -0.000002556956588, 0.7071067691)
                                double3 xformOp:scale = (0.000999987009, 0.000999987009, 0.000999987009)
                                double3 xformOp:translate = (0.00667977985, -0.00009829280316, 0.07680012286)
                                uniform token[] xformOpOrder = ["xformOp:translate", "xformOp:orient", "xformOp:scale"]
                            }

                            def Xform "tn__object_1145_XH" (
                                displayName = "object_1.145"
                                instanceable = true
                                prepend references = @./instances.usda@</Instances/tn__object_1145_XH>
                            )
                            {
                                quatd xformOp:orient = (0.7071067691, -0.000002556955678, -0.000002556956588, 0.7071067691)
                                double3 xformOp:scale = (0.000999987009, 0.000999987009, 0.000999987009)
                                double3 xformOp:translate = (0.00667977985, -0.00009829280316, 0.07680012286)
                                uniform token[] xformOpOrder = ["xformOp:translate", "xformOp:orient", "xformOp:scale"]
                            }

                            def Xform "tn__object_1146_XH" (
                                displayName = "object_1.146"
                                instanceable = true
                                prepend references = @./instances.usda@</Instances/tn__object_1146_XH>
                            )
                            {
                                quatd xformOp:orient = (0.7071067691, -0.000002556955678, -0.000002556956588, 0.7071067691)
                                double3 xformOp:scale = (0.000999987009, 0.000999987009, 0.000999987009)
                                double3 xformOp:translate = (0.00667977985, -0.00009829280316, 0.07680012286)
                                uniform token[] xformOpOrder = ["xformOp:translate", "xformOp:orient", "xformOp:scale"]
                            }

                            def Xform "tn__object_1147_XH" (
                                displayName = "object_1.147"
                                instanceable = true
                                prepend references = @./instances.usda@</Instances/tn__object_1147_XH>
                            )
                            {
                                quatd xformOp:orient = (0.7071067691, -0.000002556955678, -0.000002556956588, 0.7071067691)
                                double3 xformOp:scale = (0.000999987009, 0.000999987009, 0.000999987009)
                                double3 xformOp:translate = (0.00667977985, -0.00009829280316, 0.07680012286)
                                uniform token[] xformOpOrder = ["xformOp:translate", "xformOp:orient", "xformOp:scale"]
                            }

                            def Xform "tn__object_1148_XH" (
                                displayName = "object_1.148"
                                instanceable = true
                                prepend references = @./instances.usda@</Instances/tn__object_1148_XH>
                            )
                            {
                                quatd xformOp:orient = (0.7071067691, -0.000002556955678, -0.000002556956588, 0.7071067691)
                                double3 xformOp:scale = (0.000999987009, 0.000999987009, 0.000999987009)
                                double3 xformOp:translate = (0.00667977985, -0.00009829280316, 0.07680012286)
                                uniform token[] xformOpOrder = ["xformOp:translate", "xformOp:orient", "xformOp:scale"]
                            }

                            def Xform "tn__object_1149_XH" (
                                displayName = "object_1.149"
                                instanceable = true
                                prepend references = @./instances.usda@</Instances/tn__object_1149_XH>
                            )
                            {
                                quatd xformOp:orient = (0.7071067691, -0.000002556955678, -0.000002556956588, 0.7071067691)
                                double3 xformOp:scale = (0.000999987009, 0.000999987009, 0.000999987009)
                                double3 xformOp:translate = (0.00667977985, -0.00009829280316, 0.07680012286)
                                uniform token[] xformOpOrder = ["xformOp:translate", "xformOp:orient", "xformOp:scale"]
                            }

                            def Xform "tn__object_1150_XH" (
                                displayName = "object_1.150"
                                instanceable = true
                                prepend references = @./instances.usda@</Instances/tn__object_1150_XH>
                            )
                            {
                                quatd xformOp:orient = (0.7071067691, -0.000002556955678, -0.000002556956588, 0.7071067691)
                                double3 xformOp:scale = (0.000999987009, 0.000999987009, 0.000999987009)
                                double3 xformOp:translate = (0.00667977985, -0.00009829280316, 0.07680012286)
                                uniform token[] xformOpOrder = ["xformOp:translate", "xformOp:orient", "xformOp:scale"]
                            }

                            def Xform "tn__object_1151_XH" (
                                displayName = "object_1.151"
                                instanceable = true
                                prepend references = @./instances.usda@</Instances/tn__object_1151_XH>
                            )
                            {
                                quatd xformOp:orient = (0.7071067691, -0.000002556955678, -0.000002556956588, 0.7071067691)
                                double3 xformOp:scale = (0.000999987009, 0.000999987009, 0.000999987009)
                                double3 xformOp:translate = (0.00667977985, -0.00009829280316, 0.07680012286)
                                uniform token[] xformOpOrder = ["xformOp:translate", "xformOp:orient", "xformOp:scale"]
                            }

                            def Xform "tn__object_1152_XH" (
                                displayName = "object_1.152"
                                instanceable = true
                                prepend references = @./instances.usda@</Instances/tn__object_1152_XH>
                            )
                            {
                                quatd xformOp:orient = (0.7071067691, -0.000002556955678, -0.000002556956588, 0.7071067691)
                                double3 xformOp:scale = (0.000999987009, 0.000999987009, 0.000999987009)
                                double3 xformOp:translate = (0.00667977985, -0.00009829280316, 0.07680012286)
                                uniform token[] xformOpOrder = ["xformOp:translate", "xformOp:orient", "xformOp:scale"]
                            }

                            def Xform "tn__object_1153_XH" (
                                displayName = "object_1.153"
                                instanceable = true
                                prepend references = @./instances.usda@</Instances/tn__object_1153_XH>
                            )
                            {
                                quatd xformOp:orient = (0.7071067691, -0.000002556955678, -0.000002556956588, 0.7071067691)
                                double3 xformOp:scale = (0.000999987009, 0.000999987009, 0.000999987009)
                                double3 xformOp:translate = (0.00667977985, -0.00009829280316, 0.07680012286)
                                uniform token[] xformOpOrder = ["xformOp:translate", "xformOp:orient", "xformOp:scale"]
                            }

                            def Xform "tn__object_1154_XH" (
                                displayName = "object_1.154"
                                instanceable = true
                                prepend references = @./instances.usda@</Instances/tn__object_1154_XH>
                            )
                            {
                                quatd xformOp:orient = (0.7071067691, -0.000002556955678, -0.000002556956588, 0.7071067691)
                                double3 xformOp:scale = (0.000999987009, 0.000999987009, 0.000999987009)
                                double3 xformOp:translate = (0.00667977985, -0.00009829280316, 0.07680012286)
                                uniform token[] xformOpOrder = ["xformOp:translate", "xformOp:orient", "xformOp:scale"]
                            }

                            def Xform "tn__object_1155_XH" (
                                displayName = "object_1.155"
                                instanceable = true
                                prepend references = @./instances.usda@</Instances/tn__object_1155_XH>
                            )
                            {
                                quatd xformOp:orient = (0.7071067691, -0.000002556955678, -0.000002556956588, 0.7071067691)
                                double3 xformOp:scale = (0.000999987009, 0.000999987009, 0.000999987009)
                                double3 xformOp:translate = (0.00667977985, -0.00009829280316, 0.07680012286)
                                uniform token[] xformOpOrder = ["xformOp:translate", "xformOp:orient", "xformOp:scale"]
                            }

                            def Xform "tn__object_1156_XH" (
                                displayName = "object_1.156"
                                instanceable = true
                                prepend references = @./instances.usda@</Instances/tn__object_1156_XH>
                            )
                            {
                                quatd xformOp:orient = (0.7071067691, -0.000002556955678, -0.000002556956588, 0.7071067691)
                                double3 xformOp:scale = (0.000999987009, 0.000999987009, 0.000999987009)
                                double3 xformOp:translate = (0.00667977985, -0.00009829280316, 0.07680012286)
                                uniform token[] xformOpOrder = ["xformOp:translate", "xformOp:orient", "xformOp:scale"]
                            }

                            def Xform "tn__object_1157_XH" (
                                displayName = "object_1.157"
                                instanceable = true
                                prepend references = @./instances.usda@</Instances/tn__object_1157_XH>
                            )
                            {
                                quatd xformOp:orient = (0.7071067691, -0.000002556955678, -0.000002556956588, 0.7071067691)
                                double3 xformOp:scale = (0.000999987009, 0.000999987009, 0.000999987009)
                                double3 xformOp:translate = (0.00667977985, -0.00009829280316, 0.07680012286)
                                uniform token[] xformOpOrder = ["xformOp:translate", "xformOp:orient", "xformOp:scale"]
                            }

                            def Xform "tn__object_1158_XH" (
                                displayName = "object_1.158"
                                instanceable = true
                                prepend references = @./instances.usda@</Instances/tn__object_1158_XH>
                            )
                            {
                                quatd xformOp:orient = (0.7071067691, -0.000002556955678, -0.000002556956588, 0.7071067691)
                                double3 xformOp:scale = (0.000999987009, 0.000999987009, 0.000999987009)
                                double3 xformOp:translate = (0.00667977985, -0.00009829280316, 0.07680012286)
                                uniform token[] xformOpOrder = ["xformOp:translate", "xformOp:orient", "xformOp:scale"]
                            }

                            def Xform "tn__object_1159_XH" (
                                displayName = "object_1.159"
                                instanceable = true
                                prepend references = @./instances.usda@</Instances/tn__object_1159_XH>
                            )
                            {
                                quatd xformOp:orient = (0.7071067691, -0.000002556955678, -0.000002556956588, 0.7071067691)
                                double3 xformOp:scale = (0.000999987009, 0.000999987009, 0.000999987009)
                                double3 xformOp:translate = (0.00667977985, -0.00009829280316, 0.07680012286)
                                uniform token[] xformOpOrder = ["xformOp:translate", "xformOp:orient", "xformOp:scale"]
                            }

                            def Xform "tn__object_1160_XH" (
                                displayName = "object_1.160"
                                instanceable = true
                                prepend references = @./instances.usda@</Instances/tn__object_1160_XH>
                            )
                            {
                                quatd xformOp:orient = (0.7071067691, -0.000002556955678, -0.000002556956588, 0.7071067691)
                                double3 xformOp:scale = (0.000999987009, 0.000999987009, 0.000999987009)
                                double3 xformOp:translate = (0.00667977985, -0.00009829280316, 0.07680012286)
                                uniform token[] xformOpOrder = ["xformOp:translate", "xformOp:orient", "xformOp:scale"]
                            }

                            def Xform "tn__object_1161_XH" (
                                displayName = "object_1.161"
                                instanceable = true
                                prepend references = @./instances.usda@</Instances/tn__object_1161_XH>
                            )
                            {
                                quatd xformOp:orient = (0.7071067691, -0.000002556955678, -0.000002556956588, 0.7071067691)
                                double3 xformOp:scale = (0.000999987009, 0.000999987009, 0.000999987009)
                                double3 xformOp:translate = (0.00667977985, -0.00009829280316, 0.07680012286)
                                uniform token[] xformOpOrder = ["xformOp:translate", "xformOp:orient", "xformOp:scale"]
                            }

                            def Xform "tn__object_1162_XH" (
                                displayName = "object_1.162"
                                instanceable = true
                                prepend references = @./instances.usda@</Instances/tn__object_1162_XH>
                            )
                            {
                                quatd xformOp:orient = (0.7071067691, -0.000002556955678, -0.000002556956588, 0.7071067691)
                                double3 xformOp:scale = (0.000999987009, 0.000999987009, 0.000999987009)
                                double3 xformOp:translate = (0.00667977985, -0.00009829280316, 0.07680012286)
                                uniform token[] xformOpOrder = ["xformOp:translate", "xformOp:orient", "xformOp:scale"]
                            }

                            def Xform "tn__object_1163_XH" (
                                displayName = "object_1.163"
                                instanceable = true
                                prepend references = @./instances.usda@</Instances/tn__object_1163_XH>
                            )
                            {
                                quatd xformOp:orient = (0.7071067691, -0.000002556955678, -0.000002556956588, 0.7071067691)
                                double3 xformOp:scale = (0.000999987009, 0.000999987009, 0.000999987009)
                                double3 xformOp:translate = (0.00667977985, -0.00009829280316, 0.07680012286)
                                uniform token[] xformOpOrder = ["xformOp:translate", "xformOp:orient", "xformOp:scale"]
                            }

                            def Xform "tn__object_1164_XH" (
                                displayName = "object_1.164"
                                instanceable = true
                                prepend references = @./instances.usda@</Instances/tn__object_1164_XH>
                            )
                            {
                                quatd xformOp:orient = (0.7071067691, -0.000002556955678, -0.000002556956588, 0.7071067691)
                                double3 xformOp:scale = (0.000999987009, 0.000999987009, 0.000999987009)
                                double3 xformOp:translate = (0.00667977985, -0.00009829280316, 0.07680012286)
                                uniform token[] xformOpOrder = ["xformOp:translate", "xformOp:orient", "xformOp:scale"]
                            }

                            def Xform "tn__object_1165_XH" (
                                displayName = "object_1.165"
                                instanceable = true
                                prepend references = @./instances.usda@</Instances/tn__object_1165_XH>
                            )
                            {
                                quatd xformOp:orient = (0.7071067691, -0.000002556955678, -0.000002556956588, 0.7071067691)
                                double3 xformOp:scale = (0.000999987009, 0.000999987009, 0.000999987009)
                                double3 xformOp:translate = (0.00667977985, -0.00009829280316, 0.07680012286)
                                uniform token[] xformOpOrder = ["xformOp:translate", "xformOp:orient", "xformOp:scale"]
                            }

                            def Xform "tn__object_1166_XH" (
                                displayName = "object_1.166"
                                instanceable = true
                                prepend references = @./instances.usda@</Instances/tn__object_1166_XH>
                            )
                            {
                                quatd xformOp:orient = (0.7071067691, -0.000002556955678, -0.000002556956588, 0.7071067691)
                                double3 xformOp:scale = (0.000999987009, 0.000999987009, 0.000999987009)
                                double3 xformOp:translate = (0.00667977985, -0.00009829280316, 0.07680012286)
                                uniform token[] xformOpOrder = ["xformOp:translate", "xformOp:orient", "xformOp:scale"]
                            }

                            def Xform "tn__Circle016_WE" (
                                displayName = "Circle.016"
                                instanceable = true
                                prepend references = @./instances.usda@</Instances/tn__Circle016_WE>
                            )
                            {
                                quatd xformOp:orient = (0.7071067691, 0.7071067691, 0, 0)
                                double3 xformOp:scale = (0.002749965061, 0.002749965061, 0.008249893785)
                                double3 xformOp:translate = (0.03050190024, -0.01608934999, 0.1548046023)
                                uniform token[] xformOpOrder = ["xformOp:translate", "xformOp:orient", "xformOp:scale"]
                            }

                            def Xform "tn__Circle015_WE" (
                                displayName = "Circle.015"
                                instanceable = true
                                prepend references = @./instances.usda@</Instances/tn__Circle016_WE>
                            )
                            {
                                quatd xformOp:orient = (0.7071067691, 0.7071067691, 0, 0)
                                double3 xformOp:scale = (0.002749965061, 0.002749965061, 0.008249893785)
                                double3 xformOp:translate = (0.01402776036, -0.01608934067, 0.1273476928)
                                uniform token[] xformOpOrder = ["xformOp:translate", "xformOp:orient", "xformOp:scale"]
                            }

                            def Xform "tn__Circle014_WE" (
                                displayName = "Circle.014"
                                instanceable = true
                                prepend references = @./instances.usda@</Instances/tn__Circle016_WE>
                            )
                            {
                                quatd xformOp:orient = (0.7071067691, 0.7071067691, 0, 0)
                                double3 xformOp:scale = (0.002749965061, 0.002749965061, 0.008249893785)
                                double3 xformOp:translate = (0.01402776036, -0.01608934067, 0.1273476928)
                                uniform token[] xformOpOrder = ["xformOp:translate", "xformOp:orient", "xformOp:scale"]
                            }

                            def Xform "tn__Circle013_WE" (
                                displayName = "Circle.013"
                                instanceable = true
                                prepend references = @./instances.usda@</Instances/tn__Circle016_WE>
                            )
                            {
                                quatd xformOp:orient = (0.7071067691, 0.7071067691, 0, 0)
                                double3 xformOp:scale = (0.002749965061, 0.002749965061, 0.008249893785)
                                double3 xformOp:translate = (0.04605349153, -0.01608934067, 0.1268139035)
                                uniform token[] xformOpOrder = ["xformOp:translate", "xformOp:orient", "xformOp:scale"]
                            }

                            def Xform "tn__Circle012_WE" (
                                displayName = "Circle.012"
                                instanceable = true
                                prepend references = @./instances.usda@</Instances/tn__Circle016_WE>
                            )
                            {
                                quatd xformOp:orient = (0.7071067691, 0.7071067691, 0, 0)
                                double3 xformOp:scale = (0.002749965061, 0.002749965061, 0.008249893785)
                                double3 xformOp:translate = (0.03050190024, 0.02051668987, 0.1548046023)
                                uniform token[] xformOpOrder = ["xformOp:translate", "xformOp:orient", "xformOp:scale"]
                            }

                            def Xform "tn__Circle011_WE" (
                                displayName = "Circle.011"
                                instanceable = true
                                prepend references = @./instances.usda@</Instances/tn__Circle016_WE>
                            )
                            {
                                quatd xformOp:orient = (0.7071067691, 0.7071067691, 0, 0)
                                double3 xformOp:scale = (0.002749965061, 0.002749965061, 0.008249893785)
                                double3 xformOp:translate = (0.01402776036, 0.02051669918, 0.1273476928)
                                uniform token[] xformOpOrder = ["xformOp:translate", "xformOp:orient", "xformOp:scale"]
                            }

                            def Xform "tn__Circle010_WE" (
                                displayName = "Circle.010"
                                instanceable = true
                                prepend references = @./instances.usda@</Instances/tn__Circle016_WE>
                            )
                            {
                                quatd xformOp:orient = (0.7071067691, 0.7071067691, 0, 0)
                                double3 xformOp:scale = (0.002749965061, 0.002749965061, 0.008249893785)
                                double3 xformOp:translate = (0.04605349153, 0.02051669918, 0.1268139035)
                                uniform token[] xformOpOrder = ["xformOp:translate", "xformOp:orient", "xformOp:scale"]
                            }
                        }

                        def Xform "magician_link_3"
                        {
                            quatf xformOp:orient = (1, 0, 0, 0)
                            float3 xformOp:scale = (1, 1, 1)
                            double3 xformOp:translate = (0, 0, 0.135)
                            uniform token[] xformOpOrder = ["xformOp:translate", "xformOp:orient", "xformOp:scale"]

                            def Xform "magicianLink3"
                            {
                                quatf xformOp:orient = (0.9723699, 0, -0.2334454, 0)
                                float3 xformOp:scale = (1, 1, 1)
                                double3 xformOp:translate = (0.01645236135969491, 0, -0.13399373047157848)
                                uniform token[] xformOpOrder = ["xformOp:translate", "xformOp:orient", "xformOp:scale"]

                                def Xform "tn__Plane004_lC" (
                                    displayName = "Plane.004"
                                    instanceable = true
                                    prepend references = @./instances.usda@</Instances/tn__Plane004_lC_1_1>
                                )
                                {
                                    quatd xformOp:orient = (0.3173046708, 0, 0.948323667, 0)
                                    double3 xformOp:scale = (0.01999999955, 0.01999999955, 0.01999999955)
                                    double3 xformOp:translate = (0.0743252784, -0.002204607939, 0.1902977973)
                                    uniform token[] xformOpOrder = ["xformOp:translate", "xformOp:orient", "xformOp:scale"]
                                }

                                def Xform "object_419" (
                                    instanceable = true
                                    prepend references = @./instances.usda@</Instances/object_419>
                                )
                                {
                                    quatd xformOp:orient = (0.7071067691, -0.000002556955906, -0.00000255695636, 0.7071067691)
                                    double3 xformOp:scale = (0.000999987009, 0.000999987009, 0.000999987009)
                                    double3 xformOp:translate = (0.09563081712, -0.0000982890997, 0.1163408011)
                                    uniform token[] xformOpOrder = ["xformOp:translate", "xformOp:orient", "xformOp:scale"]
                                }

                                def Xform "object_100" (
                                    instanceable = true
                                    prepend references = @./instances.usda@</Instances/object_100>
                                )
                                {
                                    quatd xformOp:orient = (0.7071067095, -0.000002583650939, -0.000002548933935, 0.7071068287)
                                    double3 xformOp:scale = (0.0009999866597, 0.0009999866597, 0.0009999865433)
                                    double3 xformOp:translate = (0.09563744637, -18.53718857, 38.90729153)
                                    uniform token[] xformOpOrder = ["xformOp:translate", "xformOp:orient", "xformOp:scale"]
                                }

                                def Xform "tn__Circle018_WE" (
                                    displayName = "Circle.018"
                                    instanceable = true
                                    prepend references = @./instances.usda@</Instances/tn__Circle016_WE_1>
                                )
                                {
                                    quatd xformOp:orient = (0.7071067691, 0.7071067691, 0, 0)
                                    double3 xformOp:scale = (0.002887462964, 0.002887462964, 0.004331193864)
                                    double3 xformOp:translate = (0.1770797968, -0.01331424993, 0.05996305123)
                                    uniform token[] xformOpOrder = ["xformOp:translate", "xformOp:orient", "xformOp:scale"]
                                }

                                def Xform "tn__Circle017_WE" (
                                    displayName = "Circle.017"
                                    instanceable = true
                                    prepend references = @./instances.usda@</Instances/tn__Circle016_WE_1>
                                )
                                {
                                    quatd xformOp:orient = (0.7071067691, 0.7071067691, 0, 0)
                                    double3 xformOp:scale = (0.002887462964, 0.002887462964, 0.004331193864)
                                    double3 xformOp:translate = (0.1770797968, 0.01550517045, 0.05996305123)
                                    uniform token[] xformOpOrder = ["xformOp:translate", "xformOp:orient", "xformOp:scale"]
                                }

                                def Xform "tn__86210A1PRT001_lD34567BDV9GK" (
                                    displayName = "86.      210 A 1.PRT.001"
                                    instanceable = true
                                    prepend references = @./instances.usda@</Instances/tn__86210A1PRT001_lD34567BDV9GK>
                                )
                                {
                                    quatd xformOp:orient = (0, 0.000003651777433, -2.821304008e-7, -1)
                                    double3 xformOp:scale = (0.000999987009, 0.000999987009, 0.000999987009)
                                    double3 xformOp:translate = (0.2226389945, -0.004341690801, 0.0697452575)
                                    uniform token[] xformOpOrder = ["xformOp:translate", "xformOp:orient", "xformOp:scale"]
                                }

                                def Xform "tn__86210A1PRT002_lD34567BDV9GK" (
                                    displayName = "86.      210 A 1.PRT.002"
                                    instanceable = true
                                    prepend references = @./instances.usda@</Instances/tn__86210A1PRT001_lD34567BDV9GK>
                                )
                                {
                                    quatd xformOp:orient = (0, 0.000003651777433, -2.821304008e-7, -1)
                                    double3 xformOp:scale = (0.000999987009, 0.000999987009, 0.000999987009)
                                    double3 xformOp:translate = (0.2226389945, 0.01903093047, 0.0697452575)
                                    uniform token[] xformOpOrder = ["xformOp:translate", "xformOp:orient", "xformOp:scale"]
                                }
                            }

                            def Xform "magician_link_virtual"
                            {
                                quatf xformOp:orient = (1, 0, 0, 0)
                                float3 xformOp:scale = (1, 1, 1)
                                double3 xformOp:translate = (0.147, 0, 0)
                                uniform token[] xformOpOrder = ["xformOp:translate", "xformOp:orient", "xformOp:scale"]

                                def Xform "magician_link_4"
                                {
                                    quatf xformOp:orient = (1, 0, 0, 0)
                                    float3 xformOp:scale = (1, 1, 1)
                                    double3 xformOp:translate = (0, 0, 0)
                                    uniform token[] xformOpOrder = ["xformOp:translate", "xformOp:orient", "xformOp:scale"]

                                    def Xform "magicianLink4"
                                    {
                                        quatf xformOp:orient = (1, 0, 0, 0)
                                        float3 xformOp:scale = (1, 1, 1)
                                        double3 xformOp:translate = (-0.17715067840465534, 0, -0.058595107267811)
                                        uniform token[] xformOpOrder = ["xformOp:translate", "xformOp:orient", "xformOp:scale"]

                                        def Xform "tn__86210A1PRT_iA34567BDp7G" (
                                            displayName = "86.      210 A 1.PRT"
                                            instanceable = true
                                            prepend references = @./instances.usda@</Instances/tn__86210A1PRT_iA34567BDp7G>
                                        )
                                        {
                                            quatd xformOp:orient = (0, 0.000003651777433, -2.821304008e-7, -1)
                                            double3 xformOp:scale = (0.000999987009, 0.000999987009, 0.000999987009)
                                            double3 xformOp:translate = (0.1930370927, -0.00009445210162, 0.07146131247)
                                            uniform token[] xformOpOrder = ["xformOp:translate", "xformOp:orient", "xformOp:scale"]
                                        }

                                        def Xform "tn__DOBOTMagicianmitTOOLS4Achsestl002_dY0MTdEq0IQl1" (
                                            displayName = "DOBOT Magician-mit-TOOLS 4-Achse, stl.002"
                                            instanceable = true
                                            prepend references = @./instances.usda@</Instances/tn__DOBOTMagicianmitTOOLS4Achsestl002_dY0MTdEq0IQl1>
                                        )
                                        {
                                            quatd xformOp:orient = (0, 0.000003675621656, -2.766844318e-7, -1)
                                            double3 xformOp:scale = (0.0009999866597, 0.0009999865433, 0.0009999866597)
                                            double3 xformOp:translate = (-43.65100289, 0.002020319344, -1.852105756)
                                            uniform token[] xformOpOrder = ["xformOp:translate", "xformOp:orient", "xformOp:scale"]
                                        }

                                        def Xform "tn__93_____230_A_1PRT_pHp7G" (
                                            displayName = "93. _____230_A_1.PRT"
                                            instanceable = true
                                            prepend references = @./instances.usda@</Instances/tn__93_____230_A_1PRT_pHp7G>
                                        )
                                        {
                                            quatd xformOp:orient = (1, 0, 0, 0)
                                            double3 xformOp:scale = (0.0008247679798, 0.0008247679798, 0.0008247679798)
                                            double3 xformOp:translate = (0.2079959959, -0.0001889800042, 0.04591080919)
                                            uniform token[] xformOpOrder = ["xformOp:translate", "xformOp:orient", "xformOp:scale"]
                                        }
                                    }

                                    def Xform "magician_link_suction_cup"
                                    {
                                        quatf xformOp:orient = (1, 0, 0, 0)
                                        float3 xformOp:scale = (1, 1, 1)
                                        double3 xformOp:translate = (0.06, 0, 0)
                                        uniform token[] xformOpOrder = ["xformOp:translate", "xformOp:orient", "xformOp:scale"]

                                        def Xform "suction_cup" (
                                            instanceable = true
                                            prepend references = @./instances.usda@</Instances/suction_cup>
                                        )
                                        {
                                            quatd xformOp:orient = (0, 0.000003651779252, -2.821306282e-7, -1)
                                            double3 xformOp:scale = (0.0008157790289, 0.0008157790289, 0.0008157790289)
                                            double3 xformOp:translate = (-0.00009009227509, 8.931730235e-7, -0.03127141644)
                                            uniform token[] xformOpOrder = ["xformOp:translate", "xformOp:orient", "xformOp:scale"]
                                        }

                                        def Xform "suction_cup_1" (
                                            displayName = "suction_cup"
                                            instanceable = true
                                            prepend references = @./instances.usda@</Instances/suction_cup_1>
                                        )
                                        {
                                            quatd xformOp:orient = (0, 0.000003651779252, -2.821306282e-7, -1)
                                            double3 xformOp:scale = (0.0008157790289, 0.0008157790289, 0.0008157790289)
                                            double3 xformOp:translate = (-0.00009009227509, 8.931730235e-7, -0.03127141644)
                                            uniform token[] xformOpOrder = ["xformOp:translate", "xformOp:orient", "xformOp:scale"]
                                        }
                                    }

                                    def Xform "magicianLink4_1" (
                                        displayName = "magicianLink4"
                                    )
                                    {
                                        uniform token purpose = "guide"
                                        quatf xformOp:orient = (1, 0, 0, 0)
                                        float3 xformOp:scale = (1, 1, 1)
                                        double3 xformOp:translate = (-0.17715067840465534, 0, -0.058595107267811)
                                        uniform token[] xformOpOrder = ["xformOp:translate", "xformOp:orient", "xformOp:scale"]

                                        def Xform "tn__86210A1PRT_iA34567BDp7G" (
                                            displayName = "86.      210 A 1.PRT"
                                            instanceable = true
                                            prepend references = @./instances.usda@</Instances/tn__86210A1PRT_iA34567BDp7G_1>
                                        )
                                        {
                                            quatd xformOp:orient = (0, 0.000003651777433, -2.821304008e-7, -1)
                                            double3 xformOp:scale = (0.000999987009, 0.000999987009, 0.000999987009)
                                            double3 xformOp:translate = (0.1930370927, -0.00009445210162, 0.07146131247)
                                            uniform token[] xformOpOrder = ["xformOp:translate", "xformOp:orient", "xformOp:scale"]
                                        }

                                        def Xform "tn__DOBOTMagicianmitTOOLS4Achsestl002_dY0MTdEq0IQl1" (
                                            displayName = "DOBOT Magician-mit-TOOLS 4-Achse, stl.002"
                                            instanceable = true
                                            prepend references = @./instances.usda@</Instances/tn__DOBOTMagicianmitTOOLS4Achsestl002_dY0MTdEq0IQl1_1>
                                        )
                                        {
                                            quatd xformOp:orient = (0, 0.000003675621656, -2.766844318e-7, -1)
                                            double3 xformOp:scale = (0.0009999866597, 0.0009999865433, 0.0009999866597)
                                            double3 xformOp:translate = (-43.65100289, 0.002020319344, -1.852105756)
                                            uniform token[] xformOpOrder = ["xformOp:translate", "xformOp:orient", "xformOp:scale"]
                                        }

                                        def Xform "tn__93_____230_A_1PRT_pHp7G" (
                                            displayName = "93. _____230_A_1.PRT"
                                            instanceable = true
                                            prepend references = @./instances.usda@</Instances/tn__93_____230_A_1PRT_pHp7G_1>
                                        )
                                        {
                                            quatd xformOp:orient = (1, 0, 0, 0)
                                            double3 xformOp:scale = (0.0008247679798, 0.0008247679798, 0.0008247679798)
                                            double3 xformOp:translate = (0.2079959959, -0.0001889800042, 0.04591080919)
                                            uniform token[] xformOpOrder = ["xformOp:translate", "xformOp:orient", "xformOp:scale"]
                                        }
                                    }
                                }

                                def Cube "box"
                                {
                                    float3[] extent = [(-0.5, -0.5, -0.5), (0.5, 0.5, 0.5)]
                                    double size = 1
                                    quatf xformOp:orient = (1, 0, 0, 0)
                                    float3 xformOp:scale = (0, 0, 0)
                                    double3 xformOp:translate = (-0.17715067840465534, 0, -0.058595107267811)
                                    uniform token[] xformOpOrder = ["xformOp:translate", "xformOp:orient", "xformOp:scale"]
                                }

                                def Cube "box_1" (
                                    prepend apiSchemas = ["PhysicsCollisionAPI"]
                                    displayName = "box"
                                )
                                {
                                    float3[] extent = [(-0.5, -0.5, -0.5), (0.5, 0.5, 0.5)]
                                    uniform token purpose = "guide"
                                    double size = 1
                                    quatf xformOp:orient = (1, 0, 0, 0)
                                    float3 xformOp:scale = (0, 0, 0)
                                    double3 xformOp:translate = (-0.17715067840465534, 0, -0.058595107267811)
                                    uniform token[] xformOpOrder = ["xformOp:translate", "xformOp:orient", "xformOp:scale"]
                                }
                            }

                            def Xform "magicianLink3_1" (
                                displayName = "magicianLink3"
                            )
                            {
                                uniform token purpose = "guide"
                                quatf xformOp:orient = (0.9723699, 0, -0.2334454, 0)
                                float3 xformOp:scale = (1, 1, 1)
                                double3 xformOp:translate = (0.01645236135969491, 0, -0.13399373047157848)
                                uniform token[] xformOpOrder = ["xformOp:translate", "xformOp:orient", "xformOp:scale"]

                                def Xform "tn__Plane004_lC" (
                                    displayName = "Plane.004"
                                    instanceable = true
                                    prepend references = @./instances.usda@</Instances/tn__Plane004_lC_1_2>
                                )
                                {
                                    quatd xformOp:orient = (0.3173046708, 0, 0.948323667, 0)
                                    double3 xformOp:scale = (0.01999999955, 0.01999999955, 0.01999999955)
                                    double3 xformOp:translate = (0.0743252784, -0.002204607939, 0.1902977973)
                                    uniform token[] xformOpOrder = ["xformOp:translate", "xformOp:orient", "xformOp:scale"]
                                }

                                def Xform "object_419" (
                                    instanceable = true
                                    prepend references = @./instances.usda@</Instances/object_419_1>
                                )
                                {
                                    quatd xformOp:orient = (0.7071067691, -0.000002556955906, -0.00000255695636, 0.7071067691)
                                    double3 xformOp:scale = (0.000999987009, 0.000999987009, 0.000999987009)
                                    double3 xformOp:translate = (0.09563081712, -0.0000982890997, 0.1163408011)
                                    uniform token[] xformOpOrder = ["xformOp:translate", "xformOp:orient", "xformOp:scale"]
                                }

                                def Xform "object_100" (
                                    instanceable = true
                                    prepend references = @./instances.usda@</Instances/object_100_1>
                                )
                                {
                                    quatd xformOp:orient = (0.7071067095, -0.000002583650939, -0.000002548933935, 0.7071068287)
                                    double3 xformOp:scale = (0.0009999866597, 0.0009999866597, 0.0009999865433)
                                    double3 xformOp:translate = (0.09563744637, -18.53718857, 38.90729153)
                                    uniform token[] xformOpOrder = ["xformOp:translate", "xformOp:orient", "xformOp:scale"]
                                }

                                def Xform "tn__Circle018_WE" (
                                    displayName = "Circle.018"
                                    instanceable = true
                                    prepend references = @./instances.usda@</Instances/tn__Circle016_WE_2>
                                )
                                {
                                    quatd xformOp:orient = (0.7071067691, 0.7071067691, 0, 0)
                                    double3 xformOp:scale = (0.002887462964, 0.002887462964, 0.004331193864)
                                    double3 xformOp:translate = (0.1770797968, -0.01331424993, 0.05996305123)
                                    uniform token[] xformOpOrder = ["xformOp:translate", "xformOp:orient", "xformOp:scale"]
                                }

                                def Xform "tn__Circle017_WE" (
                                    displayName = "Circle.017"
                                    instanceable = true
                                    prepend references = @./instances.usda@</Instances/tn__Circle016_WE_2>
                                )
                                {
                                    quatd xformOp:orient = (0.7071067691, 0.7071067691, 0, 0)
                                    double3 xformOp:scale = (0.002887462964, 0.002887462964, 0.004331193864)
                                    double3 xformOp:translate = (0.1770797968, 0.01550517045, 0.05996305123)
                                    uniform token[] xformOpOrder = ["xformOp:translate", "xformOp:orient", "xformOp:scale"]
                                }

                                def Xform "tn__86210A1PRT001_lD34567BDV9GK" (
                                    displayName = "86.      210 A 1.PRT.001"
                                    instanceable = true
                                    prepend references = @./instances.usda@</Instances/tn__86210A1PRT001_lD34567BDV9GK_1>
                                )
                                {
                                    quatd xformOp:orient = (0, 0.000003651777433, -2.821304008e-7, -1)
                                    double3 xformOp:scale = (0.000999987009, 0.000999987009, 0.000999987009)
                                    double3 xformOp:translate = (0.2226389945, -0.004341690801, 0.0697452575)
                                    uniform token[] xformOpOrder = ["xformOp:translate", "xformOp:orient", "xformOp:scale"]
                                }

                                def Xform "tn__86210A1PRT002_lD34567BDV9GK" (
                                    displayName = "86.      210 A 1.PRT.002"
                                    instanceable = true
                                    prepend references = @./instances.usda@</Instances/tn__86210A1PRT001_lD34567BDV9GK_1>
                                )
                                {
                                    quatd xformOp:orient = (0, 0.000003651777433, -2.821304008e-7, -1)
                                    double3 xformOp:scale = (0.000999987009, 0.000999987009, 0.000999987009)
                                    double3 xformOp:translate = (0.2226389945, 0.01903093047, 0.0697452575)
                                    uniform token[] xformOpOrder = ["xformOp:translate", "xformOp:orient", "xformOp:scale"]
                                }
                            }
                        }

                        def Xform "magicianLink2_1" (
                            displayName = "magicianLink2"
                        )
                        {
                            uniform token purpose = "guide"
                            quatf xformOp:orient = (0.9848077, 0, -0.17364831, 0)
                            float3 xformOp:scale = (1, 1, 1)
                            double3 xformOp:translate = (0, 0, 0)
                            uniform token[] xformOpOrder = ["xformOp:translate", "xformOp:orient", "xformOp:scale"]

                            def Xform "tn__object_1001_XH" (
                                displayName = "object_1.001"
                                instanceable = true
                                prepend references = @./instances.usda@</Instances/tn__object_1001_XH_1>
                            )
                            {
                                quatd xformOp:orient = (0.7071067691, -0.000002556955678, -0.000002556956588, 0.7071067691)
                                double3 xformOp:scale = (0.000999987009, 0.000999987009, 0.000999987009)
                                double3 xformOp:translate = (0.00667977985, -0.00009829280316, 0.07680012286)
                                uniform token[] xformOpOrder = ["xformOp:translate", "xformOp:orient", "xformOp:scale"]
                            }

                            def Xform "tn__Plane002_lC" (
                                displayName = "Plane.002"
                                instanceable = true
                                prepend references = @./instances.usda@</Instances/tn__Plane002_lC_1_2>
                            )
                            {
                                quatd xformOp:orient = (0.9234140515, 0, 0.3838053048, 0)
                                double3 xformOp:scale = (0.1000000164, 0.1000000015, 0.1000000164)
                                double3 xformOp:translate = (-0.05302549899, 0, 0.02044673078)
                                uniform token[] xformOpOrder = ["xformOp:translate", "xformOp:orient", "xformOp:scale"]
                            }

                            def Xform "tn__object_1002_XH" (
                                displayName = "object_1.002"
                                instanceable = true
                                prepend references = @./instances.usda@</Instances/tn__object_1002_XH_1>
                            )
                            {
                                quatd xformOp:orient = (0.7071067691, -0.000002556955678, -0.000002556956588, 0.7071067691)
                                double3 xformOp:scale = (0.000999987009, 0.000999987009, 0.000999987009)
                                double3 xformOp:translate = (0.00667977985, -0.00009829280316, 0.07680012286)
                                uniform token[] xformOpOrder = ["xformOp:translate", "xformOp:orient", "xformOp:scale"]
                            }

                            def Xform "tn__object_1003_XH" (
                                displayName = "object_1.003"
                                instanceable = true
                                prepend references = @./instances.usda@</Instances/tn__object_1003_XH_1>
                            )
                            {
                                quatd xformOp:orient = (0.7071067691, -0.000002556955678, -0.000002556956588, 0.7071067691)
                                double3 xformOp:scale = (0.000999987009, 0.000999987009, 0.000999987009)
                                double3 xformOp:translate = (0.00667977985, -0.00009829280316, 0.07680012286)
                                uniform token[] xformOpOrder = ["xformOp:translate", "xformOp:orient", "xformOp:scale"]
                            }

                            def Xform "tn__object_1004_XH" (
                                displayName = "object_1.004"
                                instanceable = true
                                prepend references = @./instances.usda@</Instances/tn__object_1004_XH_1>
                            )
                            {
                                quatd xformOp:orient = (0.7071067691, -0.000002556955678, -0.000002556956588, 0.7071067691)
                                double3 xformOp:scale = (0.000999987009, 0.000999987009, 0.000999987009)
                                double3 xformOp:translate = (0.00667977985, -0.00009829280316, 0.07680012286)
                                uniform token[] xformOpOrder = ["xformOp:translate", "xformOp:orient", "xformOp:scale"]
                            }

                            def Xform "tn__object_1005_XH" (
                                displayName = "object_1.005"
                                instanceable = true
                                prepend references = @./instances.usda@</Instances/tn__object_1005_XH_1>
                            )
                            {
                                quatd xformOp:orient = (0.7071067691, -0.000002556955678, -0.000002556956588, 0.7071067691)
                                double3 xformOp:scale = (0.000999987009, 0.000999987009, 0.000999987009)
                                double3 xformOp:translate = (0.00667977985, -0.00009829280316, 0.07680012286)
                                uniform token[] xformOpOrder = ["xformOp:translate", "xformOp:orient", "xformOp:scale"]
                            }

                            def Xform "tn__object_1006_XH" (
                                displayName = "object_1.006"
                                instanceable = true
                                prepend references = @./instances.usda@</Instances/tn__object_1006_XH_1>
                            )
                            {
                                quatd xformOp:orient = (0.7071067691, -0.000002556955678, -0.000002556956588, 0.7071067691)
                                double3 xformOp:scale = (0.000999987009, 0.000999987009, 0.000999987009)
                                double3 xformOp:translate = (0.00667977985, -0.00009829280316, 0.07680012286)
                                uniform token[] xformOpOrder = ["xformOp:translate", "xformOp:orient", "xformOp:scale"]
                            }

                            def Xform "tn__object_1007_XH" (
                                displayName = "object_1.007"
                                instanceable = true
                                prepend references = @./instances.usda@</Instances/tn__object_1007_XH_1>
                            )
                            {
                                quatd xformOp:orient = (0.7071067691, -0.000002556955678, -0.000002556956588, 0.7071067691)
                                double3 xformOp:scale = (0.000999987009, 0.000999987009, 0.000999987009)
                                double3 xformOp:translate = (0.00667977985, -0.00009829280316, 0.07680012286)
                                uniform token[] xformOpOrder = ["xformOp:translate", "xformOp:orient", "xformOp:scale"]
                            }

                            def Xform "tn__object_1008_XH" (
                                displayName = "object_1.008"
                                instanceable = true
                                prepend references = @./instances.usda@</Instances/tn__object_1008_XH_1>
                            )
                            {
                                quatd xformOp:orient = (0.7071067691, -0.000002556955678, -0.000002556956588, 0.7071067691)
                                double3 xformOp:scale = (0.000999987009, 0.000999987009, 0.000999987009)
                                double3 xformOp:translate = (0.00667977985, -0.00009829280316, 0.07680012286)
                                uniform token[] xformOpOrder = ["xformOp:translate", "xformOp:orient", "xformOp:scale"]
                            }

                            def Xform "tn__object_1009_XH" (
                                displayName = "object_1.009"
                                instanceable = true
                                prepend references = @./instances.usda@</Instances/tn__object_1009_XH_1>
                            )
                            {
                                quatd xformOp:orient = (0.7071067691, -0.000002556955678, -0.000002556956588, 0.7071067691)
                                double3 xformOp:scale = (0.000999987009, 0.000999987009, 0.000999987009)
                                double3 xformOp:translate = (0.00667977985, -0.00009829280316, 0.07680012286)
                                uniform token[] xformOpOrder = ["xformOp:translate", "xformOp:orient", "xformOp:scale"]
                            }

                            def Xform "tn__object_1010_XH" (
                                displayName = "object_1.010"
                                instanceable = true
                                prepend references = @./instances.usda@</Instances/tn__object_1010_XH_1>
                            )
                            {
                                quatd xformOp:orient = (0.7071067691, -0.000002556955678, -0.000002556956588, 0.7071067691)
                                double3 xformOp:scale = (0.000999987009, 0.000999987009, 0.000999987009)
                                double3 xformOp:translate = (0.00667977985, -0.00009829280316, 0.07680012286)
                                uniform token[] xformOpOrder = ["xformOp:translate", "xformOp:orient", "xformOp:scale"]
                            }

                            def Xform "tn__object_1011_XH" (
                                displayName = "object_1.011"
                                instanceable = true
                                prepend references = @./instances.usda@</Instances/tn__object_1011_XH_1>
                            )
                            {
                                quatd xformOp:orient = (0.7071067691, -0.000002556955678, -0.000002556956588, 0.7071067691)
                                double3 xformOp:scale = (0.000999987009, 0.000999987009, 0.000999987009)
                                double3 xformOp:translate = (0.00667977985, -0.00009829280316, 0.07680012286)
                                uniform token[] xformOpOrder = ["xformOp:translate", "xformOp:orient", "xformOp:scale"]
                            }

                            def Xform "tn__object_1012_XH" (
                                displayName = "object_1.012"
                                instanceable = true
                                prepend references = @./instances.usda@</Instances/tn__object_1012_XH_1>
                            )
                            {
                                quatd xformOp:orient = (0.7071067691, -0.000002556955678, -0.000002556956588, 0.7071067691)
                                double3 xformOp:scale = (0.000999987009, 0.000999987009, 0.000999987009)
                                double3 xformOp:translate = (0.00667977985, -0.00009829280316, 0.07680012286)
                                uniform token[] xformOpOrder = ["xformOp:translate", "xformOp:orient", "xformOp:scale"]
                            }

                            def Xform "tn__object_1013_XH" (
                                displayName = "object_1.013"
                                instanceable = true
                                prepend references = @./instances.usda@</Instances/tn__object_1013_XH_1>
                            )
                            {
                                quatd xformOp:orient = (0.7071067691, -0.000002556955678, -0.000002556956588, 0.7071067691)
                                double3 xformOp:scale = (0.000999987009, 0.000999987009, 0.000999987009)
                                double3 xformOp:translate = (0.00667977985, -0.00009829280316, 0.07680012286)
                                uniform token[] xformOpOrder = ["xformOp:translate", "xformOp:orient", "xformOp:scale"]
                            }

                            def Xform "tn__object_1014_XH" (
                                displayName = "object_1.014"
                                instanceable = true
                                prepend references = @./instances.usda@</Instances/tn__object_1014_XH_1>
                            )
                            {
                                quatd xformOp:orient = (0.7071067691, -0.000002556955678, -0.000002556956588, 0.7071067691)
                                double3 xformOp:scale = (0.000999987009, 0.000999987009, 0.000999987009)
                                double3 xformOp:translate = (0.00667977985, -0.00009829280316, 0.07680012286)
                                uniform token[] xformOpOrder = ["xformOp:translate", "xformOp:orient", "xformOp:scale"]
                            }

                            def Xform "tn__object_1015_XH" (
                                displayName = "object_1.015"
                                instanceable = true
                                prepend references = @./instances.usda@</Instances/tn__object_1015_XH_1>
                            )
                            {
                                quatd xformOp:orient = (0.7071067691, -0.000002556955678, -0.000002556956588, 0.7071067691)
                                double3 xformOp:scale = (0.000999987009, 0.000999987009, 0.000999987009)
                                double3 xformOp:translate = (0.00667977985, -0.00009829280316, 0.07680012286)
                                uniform token[] xformOpOrder = ["xformOp:translate", "xformOp:orient", "xformOp:scale"]
                            }

                            def Xform "tn__object_1016_XH" (
                                displayName = "object_1.016"
                                instanceable = true
                                prepend references = @./instances.usda@</Instances/tn__object_1016_XH_1>
                            )
                            {
                                quatd xformOp:orient = (0.7071067691, -0.000002556955678, -0.000002556956588, 0.7071067691)
                                double3 xformOp:scale = (0.000999987009, 0.000999987009, 0.000999987009)
                                double3 xformOp:translate = (0.00667977985, -0.00009829280316, 0.07680012286)
                                uniform token[] xformOpOrder = ["xformOp:translate", "xformOp:orient", "xformOp:scale"]
                            }

                            def Xform "tn__object_1017_XH" (
                                displayName = "object_1.017"
                                instanceable = true
                                prepend references = @./instances.usda@</Instances/tn__object_1017_XH_1>
                            )
                            {
                                quatd xformOp:orient = (0.7071067691, -0.000002556955678, -0.000002556956588, 0.7071067691)
                                double3 xformOp:scale = (0.000999987009, 0.000999987009, 0.000999987009)
                                double3 xformOp:translate = (0.00667977985, -0.00009829280316, 0.07680012286)
                                uniform token[] xformOpOrder = ["xformOp:translate", "xformOp:orient", "xformOp:scale"]
                            }

                            def Xform "tn__object_1018_XH" (
                                displayName = "object_1.018"
                                instanceable = true
                                prepend references = @./instances.usda@</Instances/tn__object_1018_XH_1>
                            )
                            {
                                quatd xformOp:orient = (0.7071067691, -0.000002556955678, -0.000002556956588, 0.7071067691)
                                double3 xformOp:scale = (0.000999987009, 0.000999987009, 0.000999987009)
                                double3 xformOp:translate = (0.00667977985, -0.00009829280316, 0.07680012286)
                                uniform token[] xformOpOrder = ["xformOp:translate", "xformOp:orient", "xformOp:scale"]
                            }

                            def Xform "tn__object_1019_XH" (
                                displayName = "object_1.019"
                                instanceable = true
                                prepend references = @./instances.usda@</Instances/tn__object_1019_XH_1>
                            )
                            {
                                quatd xformOp:orient = (0.7071067691, -0.000002556955678, -0.000002556956588, 0.7071067691)
                                double3 xformOp:scale = (0.000999987009, 0.000999987009, 0.000999987009)
                                double3 xformOp:translate = (0.00667977985, -0.00009829280316, 0.07680012286)
                                uniform token[] xformOpOrder = ["xformOp:translate", "xformOp:orient", "xformOp:scale"]
                            }

                            def Xform "tn__object_1020_XH" (
                                displayName = "object_1.020"
                                instanceable = true
                                prepend references = @./instances.usda@</Instances/tn__object_1020_XH_1>
                            )
                            {
                                quatd xformOp:orient = (0.7071067691, -0.000002556955678, -0.000002556956588, 0.7071067691)
                                double3 xformOp:scale = (0.000999987009, 0.000999987009, 0.000999987009)
                                double3 xformOp:translate = (0.00667977985, -0.00009829280316, 0.07680012286)
                                uniform token[] xformOpOrder = ["xformOp:translate", "xformOp:orient", "xformOp:scale"]
                            }

                            def Xform "tn__object_1021_XH" (
                                displayName = "object_1.021"
                                instanceable = true
                                prepend references = @./instances.usda@</Instances/tn__object_1021_XH_1>
                            )
                            {
                                quatd xformOp:orient = (0.7071067691, -0.000002556955678, -0.000002556956588, 0.7071067691)
                                double3 xformOp:scale = (0.000999987009, 0.000999987009, 0.000999987009)
                                double3 xformOp:translate = (0.00667977985, -0.00009829280316, 0.07680012286)
                                uniform token[] xformOpOrder = ["xformOp:translate", "xformOp:orient", "xformOp:scale"]
                            }

                            def Xform "tn__object_1022_XH" (
                                displayName = "object_1.022"
                                instanceable = true
                                prepend references = @./instances.usda@</Instances/tn__object_1022_XH_1>
                            )
                            {
                                quatd xformOp:orient = (0.7071067691, -0.000002556955678, -0.000002556956588, 0.7071067691)
                                double3 xformOp:scale = (0.000999987009, 0.000999987009, 0.000999987009)
                                double3 xformOp:translate = (0.00667977985, -0.00009829280316, 0.07680012286)
                                uniform token[] xformOpOrder = ["xformOp:translate", "xformOp:orient", "xformOp:scale"]
                            }

                            def Xform "tn__object_1023_XH" (
                                displayName = "object_1.023"
                                instanceable = true
                                prepend references = @./instances.usda@</Instances/tn__object_1023_XH_1>
                            )
                            {
                                quatd xformOp:orient = (0.7071067691, -0.000002556955678, -0.000002556956588, 0.7071067691)
                                double3 xformOp:scale = (0.000999987009, 0.000999987009, 0.000999987009)
                                double3 xformOp:translate = (0.00667977985, -0.00009829280316, 0.07680012286)
                                uniform token[] xformOpOrder = ["xformOp:translate", "xformOp:orient", "xformOp:scale"]
                            }

                            def Xform "tn__object_1024_XH" (
                                displayName = "object_1.024"
                                instanceable = true
                                prepend references = @./instances.usda@</Instances/tn__object_1024_XH_1>
                            )
                            {
                                quatd xformOp:orient = (0.7071067691, -0.000002556955678, -0.000002556956588, 0.7071067691)
                                double3 xformOp:scale = (0.000999987009, 0.000999987009, 0.000999987009)
                                double3 xformOp:translate = (0.00667977985, -0.00009829280316, 0.07680012286)
                                uniform token[] xformOpOrder = ["xformOp:translate", "xformOp:orient", "xformOp:scale"]
                            }

                            def Xform "tn__object_1025_XH" (
                                displayName = "object_1.025"
                                instanceable = true
                                prepend references = @./instances.usda@</Instances/tn__object_1025_XH_1>
                            )
                            {
                                quatd xformOp:orient = (0.7071067691, -0.000002556955678, -0.000002556956588, 0.7071067691)
                                double3 xformOp:scale = (0.000999987009, 0.000999987009, 0.000999987009)
                                double3 xformOp:translate = (0.00667977985, -0.00009829280316, 0.07680012286)
                                uniform token[] xformOpOrder = ["xformOp:translate", "xformOp:orient", "xformOp:scale"]
                            }

                            def Xform "tn__object_1026_XH" (
                                displayName = "object_1.026"
                                instanceable = true
                                prepend references = @./instances.usda@</Instances/tn__object_1026_XH_1>
                            )
                            {
                                quatd xformOp:orient = (0.7071067691, -0.000002556955678, -0.000002556956588, 0.7071067691)
                                double3 xformOp:scale = (0.000999987009, 0.000999987009, 0.000999987009)
                                double3 xformOp:translate = (0.00667977985, -0.00009829280316, 0.07680012286)
                                uniform token[] xformOpOrder = ["xformOp:translate", "xformOp:orient", "xformOp:scale"]
                            }

                            def Xform "tn__object_1027_XH" (
                                displayName = "object_1.027"
                                instanceable = true
                                prepend references = @./instances.usda@</Instances/tn__object_1027_XH_1>
                            )
                            {
                                quatd xformOp:orient = (0.7071067691, -0.000002556955678, -0.000002556956588, 0.7071067691)
                                double3 xformOp:scale = (0.000999987009, 0.000999987009, 0.000999987009)
                                double3 xformOp:translate = (0.00667977985, -0.00009829280316, 0.07680012286)
                                uniform token[] xformOpOrder = ["xformOp:translate", "xformOp:orient", "xformOp:scale"]
                            }

                            def Xform "tn__object_1028_XH" (
                                displayName = "object_1.028"
                                instanceable = true
                                prepend references = @./instances.usda@</Instances/tn__object_1028_XH_1>
                            )
                            {
                                quatd xformOp:orient = (0.7071067691, -0.000002556955678, -0.000002556956588, 0.7071067691)
                                double3 xformOp:scale = (0.000999987009, 0.000999987009, 0.000999987009)
                                double3 xformOp:translate = (0.00667977985, -0.00009829280316, 0.07680012286)
                                uniform token[] xformOpOrder = ["xformOp:translate", "xformOp:orient", "xformOp:scale"]
                            }

                            def Xform "tn__object_1029_XH" (
                                displayName = "object_1.029"
                                instanceable = true
                                prepend references = @./instances.usda@</Instances/tn__object_1029_XH_1>
                            )
                            {
                                quatd xformOp:orient = (0.7071067691, -0.000002556955678, -0.000002556956588, 0.7071067691)
                                double3 xformOp:scale = (0.000999987009, 0.000999987009, 0.000999987009)
                                double3 xformOp:translate = (0.00667977985, -0.00009829280316, 0.07680012286)
                                uniform token[] xformOpOrder = ["xformOp:translate", "xformOp:orient", "xformOp:scale"]
                            }

                            def Xform "tn__object_1030_XH" (
                                displayName = "object_1.030"
                                instanceable = true
                                prepend references = @./instances.usda@</Instances/tn__object_1030_XH_1>
                            )
                            {
                                quatd xformOp:orient = (0.7071067691, -0.000002556955678, -0.000002556956588, 0.7071067691)
                                double3 xformOp:scale = (0.000999987009, 0.000999987009, 0.000999987009)
                                double3 xformOp:translate = (0.00667977985, -0.00009829280316, 0.07680012286)
                                uniform token[] xformOpOrder = ["xformOp:translate", "xformOp:orient", "xformOp:scale"]
                            }

                            def Xform "tn__object_1031_XH" (
                                displayName = "object_1.031"
                                instanceable = true
                                prepend references = @./instances.usda@</Instances/tn__object_1031_XH_1>
                            )
                            {
                                quatd xformOp:orient = (0.7071067691, -0.000002556955678, -0.000002556956588, 0.7071067691)
                                double3 xformOp:scale = (0.000999987009, 0.000999987009, 0.000999987009)
                                double3 xformOp:translate = (0.00667977985, -0.00009829280316, 0.07680012286)
                                uniform token[] xformOpOrder = ["xformOp:translate", "xformOp:orient", "xformOp:scale"]
                            }

                            def Xform "tn__object_1032_XH" (
                                displayName = "object_1.032"
                                instanceable = true
                                prepend references = @./instances.usda@</Instances/tn__object_1032_XH_1>
                            )
                            {
                                quatd xformOp:orient = (0.7071067691, -0.000002556955678, -0.000002556956588, 0.7071067691)
                                double3 xformOp:scale = (0.000999987009, 0.000999987009, 0.000999987009)
                                double3 xformOp:translate = (0.00667977985, -0.00009829280316, 0.07680012286)
                                uniform token[] xformOpOrder = ["xformOp:translate", "xformOp:orient", "xformOp:scale"]
                            }

                            def Xform "tn__object_1033_XH" (
                                displayName = "object_1.033"
                                instanceable = true
                                prepend references = @./instances.usda@</Instances/tn__object_1033_XH_1>
                            )
                            {
                                quatd xformOp:orient = (0.7071067691, -0.000002556955678, -0.000002556956588, 0.7071067691)
                                double3 xformOp:scale = (0.000999987009, 0.000999987009, 0.000999987009)
                                double3 xformOp:translate = (0.00667977985, -0.00009829280316, 0.07680012286)
                                uniform token[] xformOpOrder = ["xformOp:translate", "xformOp:orient", "xformOp:scale"]
                            }

                            def Xform "tn__object_1034_XH" (
                                displayName = "object_1.034"
                                instanceable = true
                                prepend references = @./instances.usda@</Instances/tn__object_1034_XH_1>
                            )
                            {
                                quatd xformOp:orient = (0.7071067691, -0.000002556955678, -0.000002556956588, 0.7071067691)
                                double3 xformOp:scale = (0.000999987009, 0.000999987009, 0.000999987009)
                                double3 xformOp:translate = (0.00667977985, -0.00009829280316, 0.07680012286)
                                uniform token[] xformOpOrder = ["xformOp:translate", "xformOp:orient", "xformOp:scale"]
                            }

                            def Xform "tn__object_1035_XH" (
                                displayName = "object_1.035"
                                instanceable = true
                                prepend references = @./instances.usda@</Instances/tn__object_1035_XH_1>
                            )
                            {
                                quatd xformOp:orient = (0.7071067691, -0.000002556955678, -0.000002556956588, 0.7071067691)
                                double3 xformOp:scale = (0.000999987009, 0.000999987009, 0.000999987009)
                                double3 xformOp:translate = (0.00667977985, -0.00009829280316, 0.07680012286)
                                uniform token[] xformOpOrder = ["xformOp:translate", "xformOp:orient", "xformOp:scale"]
                            }

                            def Xform "tn__object_1036_XH" (
                                displayName = "object_1.036"
                                instanceable = true
                                prepend references = @./instances.usda@</Instances/tn__object_1036_XH_1>
                            )
                            {
                                quatd xformOp:orient = (0.7071067691, -0.000002556955678, -0.000002556956588, 0.7071067691)
                                double3 xformOp:scale = (0.000999987009, 0.000999987009, 0.000999987009)
                                double3 xformOp:translate = (0.00667977985, -0.00009829280316, 0.07680012286)
                                uniform token[] xformOpOrder = ["xformOp:translate", "xformOp:orient", "xformOp:scale"]
                            }

                            def Xform "tn__object_1037_XH" (
                                displayName = "object_1.037"
                                instanceable = true
                                prepend references = @./instances.usda@</Instances/tn__object_1037_XH_1>
                            )
                            {
                                quatd xformOp:orient = (0.7071067691, -0.000002556955678, -0.000002556956588, 0.7071067691)
                                double3 xformOp:scale = (0.000999987009, 0.000999987009, 0.000999987009)
                                double3 xformOp:translate = (0.00667977985, -0.00009829280316, 0.07680012286)
                                uniform token[] xformOpOrder = ["xformOp:translate", "xformOp:orient", "xformOp:scale"]
                            }

                            def Xform "tn__object_1038_XH" (
                                displayName = "object_1.038"
                                instanceable = true
                                prepend references = @./instances.usda@</Instances/tn__object_1038_XH_1>
                            )
                            {
                                quatd xformOp:orient = (0.7071067691, -0.000002556955678, -0.000002556956588, 0.7071067691)
                                double3 xformOp:scale = (0.000999987009, 0.000999987009, 0.000999987009)
                                double3 xformOp:translate = (0.00667977985, -0.00009829280316, 0.07680012286)
                                uniform token[] xformOpOrder = ["xformOp:translate", "xformOp:orient", "xformOp:scale"]
                            }

                            def Xform "tn__object_1039_XH" (
                                displayName = "object_1.039"
                                instanceable = true
                                prepend references = @./instances.usda@</Instances/tn__object_1039_XH_1>
                            )
                            {
                                quatd xformOp:orient = (0.7071067691, -0.000002556955678, -0.000002556956588, 0.7071067691)
                                double3 xformOp:scale = (0.000999987009, 0.000999987009, 0.000999987009)
                                double3 xformOp:translate = (0.00667977985, -0.00009829280316, 0.07680012286)
                                uniform token[] xformOpOrder = ["xformOp:translate", "xformOp:orient", "xformOp:scale"]
                            }

                            def Xform "tn__object_1040_XH" (
                                displayName = "object_1.040"
                                instanceable = true
                                prepend references = @./instances.usda@</Instances/tn__object_1040_XH_1>
                            )
                            {
                                quatd xformOp:orient = (0.7071067691, -0.000002556955678, -0.000002556956588, 0.7071067691)
                                double3 xformOp:scale = (0.000999987009, 0.000999987009, 0.000999987009)
                                double3 xformOp:translate = (0.00667977985, -0.00009829280316, 0.07680012286)
                                uniform token[] xformOpOrder = ["xformOp:translate", "xformOp:orient", "xformOp:scale"]
                            }

                            def Xform "tn__object_1041_XH" (
                                displayName = "object_1.041"
                                instanceable = true
                                prepend references = @./instances.usda@</Instances/tn__object_1041_XH_1>
                            )
                            {
                                quatd xformOp:orient = (0.7071067691, -0.000002556955678, -0.000002556956588, 0.7071067691)
                                double3 xformOp:scale = (0.000999987009, 0.000999987009, 0.000999987009)
                                double3 xformOp:translate = (0.00667977985, -0.00009829280316, 0.07680012286)
                                uniform token[] xformOpOrder = ["xformOp:translate", "xformOp:orient", "xformOp:scale"]
                            }

                            def Xform "tn__object_1042_XH" (
                                displayName = "object_1.042"
                                instanceable = true
                                prepend references = @./instances.usda@</Instances/tn__object_1042_XH_1>
                            )
                            {
                                quatd xformOp:orient = (0.7071067691, -0.000002556955678, -0.000002556956588, 0.7071067691)
                                double3 xformOp:scale = (0.000999987009, 0.000999987009, 0.000999987009)
                                double3 xformOp:translate = (0.00667977985, -0.00009829280316, 0.07680012286)
                                uniform token[] xformOpOrder = ["xformOp:translate", "xformOp:orient", "xformOp:scale"]
                            }

                            def Xform "tn__object_1043_XH" (
                                displayName = "object_1.043"
                                instanceable = true
                                prepend references = @./instances.usda@</Instances/tn__object_1043_XH_1>
                            )
                            {
                                quatd xformOp:orient = (0.7071067691, -0.000002556955678, -0.000002556956588, 0.7071067691)
                                double3 xformOp:scale = (0.000999987009, 0.000999987009, 0.000999987009)
                                double3 xformOp:translate = (0.00667977985, -0.00009829280316, 0.07680012286)
                                uniform token[] xformOpOrder = ["xformOp:translate", "xformOp:orient", "xformOp:scale"]
                            }

                            def Xform "tn__object_1044_XH" (
                                displayName = "object_1.044"
                                instanceable = true
                                prepend references = @./instances.usda@</Instances/tn__object_1044_XH_1>
                            )
                            {
                                quatd xformOp:orient = (0.7071067691, -0.000002556955678, -0.000002556956588, 0.7071067691)
                                double3 xformOp:scale = (0.000999987009, 0.000999987009, 0.000999987009)
                                double3 xformOp:translate = (0.00667977985, -0.00009829280316, 0.07680012286)
                                uniform token[] xformOpOrder = ["xformOp:translate", "xformOp:orient", "xformOp:scale"]
                            }

                            def Xform "tn__object_1045_XH" (
                                displayName = "object_1.045"
                                instanceable = true
                                prepend references = @./instances.usda@</Instances/tn__object_1045_XH_1>
                            )
                            {
                                quatd xformOp:orient = (0.7071067691, -0.000002556955678, -0.000002556956588, 0.7071067691)
                                double3 xformOp:scale = (0.000999987009, 0.000999987009, 0.000999987009)
                                double3 xformOp:translate = (0.00667977985, -0.00009829280316, 0.07680012286)
                                uniform token[] xformOpOrder = ["xformOp:translate", "xformOp:orient", "xformOp:scale"]
                            }

                            def Xform "tn__object_1046_XH" (
                                displayName = "object_1.046"
                                instanceable = true
                                prepend references = @./instances.usda@</Instances/tn__object_1046_XH_1>
                            )
                            {
                                quatd xformOp:orient = (0.7071067691, -0.000002556955678, -0.000002556956588, 0.7071067691)
                                double3 xformOp:scale = (0.000999987009, 0.000999987009, 0.000999987009)
                                double3 xformOp:translate = (0.00667977985, -0.00009829280316, 0.07680012286)
                                uniform token[] xformOpOrder = ["xformOp:translate", "xformOp:orient", "xformOp:scale"]
                            }

                            def Xform "tn__object_1047_XH" (
                                displayName = "object_1.047"
                                instanceable = true
                                prepend references = @./instances.usda@</Instances/tn__object_1047_XH_1>
                            )
                            {
                                quatd xformOp:orient = (0.7071067691, -0.000002556955678, -0.000002556956588, 0.7071067691)
                                double3 xformOp:scale = (0.000999987009, 0.000999987009, 0.000999987009)
                                double3 xformOp:translate = (0.00667977985, -0.00009829280316, 0.07680012286)
                                uniform token[] xformOpOrder = ["xformOp:translate", "xformOp:orient", "xformOp:scale"]
                            }

                            def Xform "tn__object_1048_XH" (
                                displayName = "object_1.048"
                                instanceable = true
                                prepend references = @./instances.usda@</Instances/tn__object_1048_XH_1>
                            )
                            {
                                quatd xformOp:orient = (0.7071067691, -0.000002556955678, -0.000002556956588, 0.7071067691)
                                double3 xformOp:scale = (0.000999987009, 0.000999987009, 0.000999987009)
                                double3 xformOp:translate = (0.00667977985, -0.00009829280316, 0.07680012286)
                                uniform token[] xformOpOrder = ["xformOp:translate", "xformOp:orient", "xformOp:scale"]
                            }

                            def Xform "tn__object_1049_XH" (
                                displayName = "object_1.049"
                                instanceable = true
                                prepend references = @./instances.usda@</Instances/tn__object_1049_XH_1>
                            )
                            {
                                quatd xformOp:orient = (0.7071067691, -0.000002556955678, -0.000002556956588, 0.7071067691)
                                double3 xformOp:scale = (0.000999987009, 0.000999987009, 0.000999987009)
                                double3 xformOp:translate = (0.00667977985, -0.00009829280316, 0.07680012286)
                                uniform token[] xformOpOrder = ["xformOp:translate", "xformOp:orient", "xformOp:scale"]
                            }

                            def Xform "tn__object_1050_XH" (
                                displayName = "object_1.050"
                                instanceable = true
                                prepend references = @./instances.usda@</Instances/tn__object_1050_XH_1>
                            )
                            {
                                quatd xformOp:orient = (0.7071067691, -0.000002556955678, -0.000002556956588, 0.7071067691)
                                double3 xformOp:scale = (0.000999987009, 0.000999987009, 0.000999987009)
                                double3 xformOp:translate = (0.00667977985, -0.00009829280316, 0.07680012286)
                                uniform token[] xformOpOrder = ["xformOp:translate", "xformOp:orient", "xformOp:scale"]
                            }

                            def Xform "tn__object_1051_XH" (
                                displayName = "object_1.051"
                                instanceable = true
                                prepend references = @./instances.usda@</Instances/tn__object_1051_XH_1>
                            )
                            {
                                quatd xformOp:orient = (0.7071067691, -0.000002556955678, -0.000002556956588, 0.7071067691)
                                double3 xformOp:scale = (0.000999987009, 0.000999987009, 0.000999987009)
                                double3 xformOp:translate = (0.00667977985, -0.00009829280316, 0.07680012286)
                                uniform token[] xformOpOrder = ["xformOp:translate", "xformOp:orient", "xformOp:scale"]
                            }

                            def Xform "tn__object_1052_XH" (
                                displayName = "object_1.052"
                                instanceable = true
                                prepend references = @./instances.usda@</Instances/tn__object_1052_XH_1>
                            )
                            {
                                quatd xformOp:orient = (0.7071067691, -0.000002556955678, -0.000002556956588, 0.7071067691)
                                double3 xformOp:scale = (0.000999987009, 0.000999987009, 0.000999987009)
                                double3 xformOp:translate = (0.00667977985, -0.00009829280316, 0.07680012286)
                                uniform token[] xformOpOrder = ["xformOp:translate", "xformOp:orient", "xformOp:scale"]
                            }

                            def Xform "tn__object_1053_XH" (
                                displayName = "object_1.053"
                                instanceable = true
                                prepend references = @./instances.usda@</Instances/tn__object_1053_XH_1>
                            )
                            {
                                quatd xformOp:orient = (0.7071067691, -0.000002556955678, -0.000002556956588, 0.7071067691)
                                double3 xformOp:scale = (0.000999987009, 0.000999987009, 0.000999987009)
                                double3 xformOp:translate = (0.00667977985, -0.00009829280316, 0.07680012286)
                                uniform token[] xformOpOrder = ["xformOp:translate", "xformOp:orient", "xformOp:scale"]
                            }

                            def Xform "tn__object_1054_XH" (
                                displayName = "object_1.054"
                                instanceable = true
                                prepend references = @./instances.usda@</Instances/tn__object_1054_XH_1>
                            )
                            {
                                quatd xformOp:orient = (0.7071067691, -0.000002556955678, -0.000002556956588, 0.7071067691)
                                double3 xformOp:scale = (0.000999987009, 0.000999987009, 0.000999987009)
                                double3 xformOp:translate = (0.00667977985, -0.00009829280316, 0.07680012286)
                                uniform token[] xformOpOrder = ["xformOp:translate", "xformOp:orient", "xformOp:scale"]
                            }

                            def Xform "tn__object_1055_XH" (
                                displayName = "object_1.055"
                                instanceable = true
                                prepend references = @./instances.usda@</Instances/tn__object_1055_XH_1>
                            )
                            {
                                quatd xformOp:orient = (0.7071067691, -0.000002556955678, -0.000002556956588, 0.7071067691)
                                double3 xformOp:scale = (0.000999987009, 0.000999987009, 0.000999987009)
                                double3 xformOp:translate = (0.00667977985, -0.00009829280316, 0.07680012286)
                                uniform token[] xformOpOrder = ["xformOp:translate", "xformOp:orient", "xformOp:scale"]
                            }

                            def Xform "tn__object_1056_XH" (
                                displayName = "object_1.056"
                                instanceable = true
                                prepend references = @./instances.usda@</Instances/tn__object_1056_XH_1>
                            )
                            {
                                quatd xformOp:orient = (0.7071067691, -0.000002556955678, -0.000002556956588, 0.7071067691)
                                double3 xformOp:scale = (0.000999987009, 0.000999987009, 0.000999987009)
                                double3 xformOp:translate = (0.00667977985, -0.00009829280316, 0.07680012286)
                                uniform token[] xformOpOrder = ["xformOp:translate", "xformOp:orient", "xformOp:scale"]
                            }

                            def Xform "tn__object_1057_XH" (
                                displayName = "object_1.057"
                                instanceable = true
                                prepend references = @./instances.usda@</Instances/tn__object_1057_XH_1>
                            )
                            {
                                quatd xformOp:orient = (0.7071067691, -0.000002556955678, -0.000002556956588, 0.7071067691)
                                double3 xformOp:scale = (0.000999987009, 0.000999987009, 0.000999987009)
                                double3 xformOp:translate = (0.00667977985, -0.00009829280316, 0.07680012286)
                                uniform token[] xformOpOrder = ["xformOp:translate", "xformOp:orient", "xformOp:scale"]
                            }

                            def Xform "tn__object_1058_XH" (
                                displayName = "object_1.058"
                                instanceable = true
                                prepend references = @./instances.usda@</Instances/tn__object_1058_XH_1>
                            )
                            {
                                quatd xformOp:orient = (0.7071067691, -0.000002556955678, -0.000002556956588, 0.7071067691)
                                double3 xformOp:scale = (0.000999987009, 0.000999987009, 0.000999987009)
                                double3 xformOp:translate = (0.00667977985, -0.00009829280316, 0.07680012286)
                                uniform token[] xformOpOrder = ["xformOp:translate", "xformOp:orient", "xformOp:scale"]
                            }

                            def Xform "tn__object_1059_XH" (
                                displayName = "object_1.059"
                                instanceable = true
                                prepend references = @./instances.usda@</Instances/tn__object_1059_XH_1>
                            )
                            {
                                quatd xformOp:orient = (0.7071067691, -0.000002556955678, -0.000002556956588, 0.7071067691)
                                double3 xformOp:scale = (0.000999987009, 0.000999987009, 0.000999987009)
                                double3 xformOp:translate = (0.00667977985, -0.00009829280316, 0.07680012286)
                                uniform token[] xformOpOrder = ["xformOp:translate", "xformOp:orient", "xformOp:scale"]
                            }

                            def Xform "tn__object_1060_XH" (
                                displayName = "object_1.060"
                                instanceable = true
                                prepend references = @./instances.usda@</Instances/tn__object_1060_XH_1>
                            )
                            {
                                quatd xformOp:orient = (0.7071067691, -0.000002556955678, -0.000002556956588, 0.7071067691)
                                double3 xformOp:scale = (0.000999987009, 0.000999987009, 0.000999987009)
                                double3 xformOp:translate = (0.00667977985, -0.00009829280316, 0.07680012286)
                                uniform token[] xformOpOrder = ["xformOp:translate", "xformOp:orient", "xformOp:scale"]
                            }

                            def Xform "tn__object_1061_XH" (
                                displayName = "object_1.061"
                                instanceable = true
                                prepend references = @./instances.usda@</Instances/tn__object_1061_XH_1>
                            )
                            {
                                quatd xformOp:orient = (0.7071067691, -0.000002556955678, -0.000002556956588, 0.7071067691)
                                double3 xformOp:scale = (0.000999987009, 0.000999987009, 0.000999987009)
                                double3 xformOp:translate = (0.00667977985, -0.00009829280316, 0.07680012286)
                                uniform token[] xformOpOrder = ["xformOp:translate", "xformOp:orient", "xformOp:scale"]
                            }

                            def Xform "tn__object_1062_XH" (
                                displayName = "object_1.062"
                                instanceable = true
                                prepend references = @./instances.usda@</Instances/tn__object_1062_XH_1>
                            )
                            {
                                quatd xformOp:orient = (0.7071067691, -0.000002556955678, -0.000002556956588, 0.7071067691)
                                double3 xformOp:scale = (0.000999987009, 0.000999987009, 0.000999987009)
                                double3 xformOp:translate = (0.00667977985, -0.00009829280316, 0.07680012286)
                                uniform token[] xformOpOrder = ["xformOp:translate", "xformOp:orient", "xformOp:scale"]
                            }

                            def Xform "tn__object_1063_XH" (
                                displayName = "object_1.063"
                                instanceable = true
                                prepend references = @./instances.usda@</Instances/tn__object_1063_XH_1>
                            )
                            {
                                quatd xformOp:orient = (0.7071067691, -0.000002556955678, -0.000002556956588, 0.7071067691)
                                double3 xformOp:scale = (0.000999987009, 0.000999987009, 0.000999987009)
                                double3 xformOp:translate = (0.00667977985, -0.00009829280316, 0.07680012286)
                                uniform token[] xformOpOrder = ["xformOp:translate", "xformOp:orient", "xformOp:scale"]
                            }

                            def Xform "tn__object_1064_XH" (
                                displayName = "object_1.064"
                                instanceable = true
                                prepend references = @./instances.usda@</Instances/tn__object_1064_XH_1>
                            )
                            {
                                quatd xformOp:orient = (0.7071067691, -0.000002556955678, -0.000002556956588, 0.7071067691)
                                double3 xformOp:scale = (0.000999987009, 0.000999987009, 0.000999987009)
                                double3 xformOp:translate = (0.00667977985, -0.00009829280316, 0.07680012286)
                                uniform token[] xformOpOrder = ["xformOp:translate", "xformOp:orient", "xformOp:scale"]
                            }

                            def Xform "tn__object_1065_XH" (
                                displayName = "object_1.065"
                                instanceable = true
                                prepend references = @./instances.usda@</Instances/tn__object_1065_XH_1>
                            )
                            {
                                quatd xformOp:orient = (0.7071067691, -0.000002556955678, -0.000002556956588, 0.7071067691)
                                double3 xformOp:scale = (0.000999987009, 0.000999987009, 0.000999987009)
                                double3 xformOp:translate = (0.00667977985, -0.00009829280316, 0.07680012286)
                                uniform token[] xformOpOrder = ["xformOp:translate", "xformOp:orient", "xformOp:scale"]
                            }

                            def Xform "tn__object_1066_XH" (
                                displayName = "object_1.066"
                                instanceable = true
                                prepend references = @./instances.usda@</Instances/tn__object_1066_XH_1>
                            )
                            {
                                quatd xformOp:orient = (0.7071067691, -0.000002556955678, -0.000002556956588, 0.7071067691)
                                double3 xformOp:scale = (0.000999987009, 0.000999987009, 0.000999987009)
                                double3 xformOp:translate = (0.00667977985, -0.00009829280316, 0.07680012286)
                                uniform token[] xformOpOrder = ["xformOp:translate", "xformOp:orient", "xformOp:scale"]
                            }

                            def Xform "tn__object_1067_XH" (
                                displayName = "object_1.067"
                                instanceable = true
                                prepend references = @./instances.usda@</Instances/tn__object_1067_XH_1>
                            )
                            {
                                quatd xformOp:orient = (0.7071067691, -0.000002556955678, -0.000002556956588, 0.7071067691)
                                double3 xformOp:scale = (0.000999987009, 0.000999987009, 0.000999987009)
                                double3 xformOp:translate = (0.00667977985, -0.00009829280316, 0.07680012286)
                                uniform token[] xformOpOrder = ["xformOp:translate", "xformOp:orient", "xformOp:scale"]
                            }

                            def Xform "tn__object_1068_XH" (
                                displayName = "object_1.068"
                                instanceable = true
                                prepend references = @./instances.usda@</Instances/tn__object_1068_XH_1>
                            )
                            {
                                quatd xformOp:orient = (0.7071067691, -0.000002556955678, -0.000002556956588, 0.7071067691)
                                double3 xformOp:scale = (0.000999987009, 0.000999987009, 0.000999987009)
                                double3 xformOp:translate = (0.00667977985, -0.00009829280316, 0.07680012286)
                                uniform token[] xformOpOrder = ["xformOp:translate", "xformOp:orient", "xformOp:scale"]
                            }

                            def Xform "tn__object_1069_XH" (
                                displayName = "object_1.069"
                                instanceable = true
                                prepend references = @./instances.usda@</Instances/tn__object_1069_XH_1>
                            )
                            {
                                quatd xformOp:orient = (0.7071067691, -0.000002556955678, -0.000002556956588, 0.7071067691)
                                double3 xformOp:scale = (0.000999987009, 0.000999987009, 0.000999987009)
                                double3 xformOp:translate = (0.00667977985, -0.00009829280316, 0.07680012286)
                                uniform token[] xformOpOrder = ["xformOp:translate", "xformOp:orient", "xformOp:scale"]
                            }

                            def Xform "tn__object_1070_XH" (
                                displayName = "object_1.070"
                                instanceable = true
                                prepend references = @./instances.usda@</Instances/tn__object_1070_XH_1>
                            )
                            {
                                quatd xformOp:orient = (0.7071067691, -0.000002556955678, -0.000002556956588, 0.7071067691)
                                double3 xformOp:scale = (0.000999987009, 0.000999987009, 0.000999987009)
                                double3 xformOp:translate = (0.00667977985, -0.00009829280316, 0.07680012286)
                                uniform token[] xformOpOrder = ["xformOp:translate", "xformOp:orient", "xformOp:scale"]
                            }

                            def Xform "tn__object_1071_XH" (
                                displayName = "object_1.071"
                                instanceable = true
                                prepend references = @./instances.usda@</Instances/tn__object_1071_XH_1>
                            )
                            {
                                quatd xformOp:orient = (0.7071067691, -0.000002556955678, -0.000002556956588, 0.7071067691)
                                double3 xformOp:scale = (0.000999987009, 0.000999987009, 0.000999987009)
                                double3 xformOp:translate = (0.00667977985, -0.00009829280316, 0.07680012286)
                                uniform token[] xformOpOrder = ["xformOp:translate", "xformOp:orient", "xformOp:scale"]
                            }

                            def Xform "tn__object_1072_XH" (
                                displayName = "object_1.072"
                                instanceable = true
                                prepend references = @./instances.usda@</Instances/tn__object_1072_XH_1>
                            )
                            {
                                quatd xformOp:orient = (0.7071067691, -0.000002556955678, -0.000002556956588, 0.7071067691)
                                double3 xformOp:scale = (0.000999987009, 0.000999987009, 0.000999987009)
                                double3 xformOp:translate = (0.00667977985, -0.00009829280316, 0.07680012286)
                                uniform token[] xformOpOrder = ["xformOp:translate", "xformOp:orient", "xformOp:scale"]
                            }

                            def Xform "tn__object_1073_XH" (
                                displayName = "object_1.073"
                                instanceable = true
                                prepend references = @./instances.usda@</Instances/tn__object_1073_XH_1>
                            )
                            {
                                quatd xformOp:orient = (0.7071067691, -0.000002556955678, -0.000002556956588, 0.7071067691)
                                double3 xformOp:scale = (0.000999987009, 0.000999987009, 0.000999987009)
                                double3 xformOp:translate = (0.00667977985, -0.00009829280316, 0.07680012286)
                                uniform token[] xformOpOrder = ["xformOp:translate", "xformOp:orient", "xformOp:scale"]
                            }

                            def Xform "tn__object_1074_XH" (
                                displayName = "object_1.074"
                                instanceable = true
                                prepend references = @./instances.usda@</Instances/tn__object_1074_XH_1>
                            )
                            {
                                quatd xformOp:orient = (0.7071067691, -0.000002556955678, -0.000002556956588, 0.7071067691)
                                double3 xformOp:scale = (0.000999987009, 0.000999987009, 0.000999987009)
                                double3 xformOp:translate = (0.00667977985, -0.00009829280316, 0.07680012286)
                                uniform token[] xformOpOrder = ["xformOp:translate", "xformOp:orient", "xformOp:scale"]
                            }

                            def Xform "tn__object_1075_XH" (
                                displayName = "object_1.075"
                                instanceable = true
                                prepend references = @./instances.usda@</Instances/tn__object_1075_XH_1>
                            )
                            {
                                quatd xformOp:orient = (0.7071067691, -0.000002556955678, -0.000002556956588, 0.7071067691)
                                double3 xformOp:scale = (0.000999987009, 0.000999987009, 0.000999987009)
                                double3 xformOp:translate = (0.00667977985, -0.00009829280316, 0.07680012286)
                                uniform token[] xformOpOrder = ["xformOp:translate", "xformOp:orient", "xformOp:scale"]
                            }

                            def Xform "tn__object_1076_XH" (
                                displayName = "object_1.076"
                                instanceable = true
                                prepend references = @./instances.usda@</Instances/tn__object_1076_XH_1>
                            )
                            {
                                quatd xformOp:orient = (0.7071067691, -0.000002556955678, -0.000002556956588, 0.7071067691)
                                double3 xformOp:scale = (0.000999987009, 0.000999987009, 0.000999987009)
                                double3 xformOp:translate = (0.00667977985, -0.00009829280316, 0.07680012286)
                                uniform token[] xformOpOrder = ["xformOp:translate", "xformOp:orient", "xformOp:scale"]
                            }

                            def Xform "tn__object_1077_XH" (
                                displayName = "object_1.077"
                                instanceable = true
                                prepend references = @./instances.usda@</Instances/tn__object_1077_XH_1>
                            )
                            {
                                quatd xformOp:orient = (0.7071067691, -0.000002556955678, -0.000002556956588, 0.7071067691)
                                double3 xformOp:scale = (0.000999987009, 0.000999987009, 0.000999987009)
                                double3 xformOp:translate = (0.00667977985, -0.00009829280316, 0.07680012286)
                                uniform token[] xformOpOrder = ["xformOp:translate", "xformOp:orient", "xformOp:scale"]
                            }

                            def Xform "tn__object_1078_XH" (
                                displayName = "object_1.078"
                                instanceable = true
                                prepend references = @./instances.usda@</Instances/tn__object_1078_XH_1>
                            )
                            {
                                quatd xformOp:orient = (0.7071067691, -0.000002556955678, -0.000002556956588, 0.7071067691)
                                double3 xformOp:scale = (0.000999987009, 0.000999987009, 0.000999987009)
                                double3 xformOp:translate = (0.00667977985, -0.00009829280316, 0.07680012286)
                                uniform token[] xformOpOrder = ["xformOp:translate", "xformOp:orient", "xformOp:scale"]
                            }

                            def Xform "tn__object_1079_XH" (
                                displayName = "object_1.079"
                                instanceable = true
                                prepend references = @./instances.usda@</Instances/tn__object_1079_XH_1>
                            )
                            {
                                quatd xformOp:orient = (0.7071067691, -0.000002556955678, -0.000002556956588, 0.7071067691)
                                double3 xformOp:scale = (0.000999987009, 0.000999987009, 0.000999987009)
                                double3 xformOp:translate = (0.00667977985, -0.00009829280316, 0.07680012286)
                                uniform token[] xformOpOrder = ["xformOp:translate", "xformOp:orient", "xformOp:scale"]
                            }

                            def Xform "tn__object_1080_XH" (
                                displayName = "object_1.080"
                                instanceable = true
                                prepend references = @./instances.usda@</Instances/tn__object_1080_XH_1>
                            )
                            {
                                quatd xformOp:orient = (0.7071067691, -0.000002556955678, -0.000002556956588, 0.7071067691)
                                double3 xformOp:scale = (0.000999987009, 0.000999987009, 0.000999987009)
                                double3 xformOp:translate = (0.00667977985, -0.00009829280316, 0.07680012286)
                                uniform token[] xformOpOrder = ["xformOp:translate", "xformOp:orient", "xformOp:scale"]
                            }

                            def Xform "tn__object_1081_XH" (
                                displayName = "object_1.081"
                                instanceable = true
                                prepend references = @./instances.usda@</Instances/tn__object_1081_XH_1>
                            )
                            {
                                quatd xformOp:orient = (0.7071067691, -0.000002556955678, -0.000002556956588, 0.7071067691)
                                double3 xformOp:scale = (0.000999987009, 0.000999987009, 0.000999987009)
                                double3 xformOp:translate = (0.00667977985, -0.00009829280316, 0.07680012286)
                                uniform token[] xformOpOrder = ["xformOp:translate", "xformOp:orient", "xformOp:scale"]
                            }

                            def Xform "tn__object_1082_XH" (
                                displayName = "object_1.082"
                                instanceable = true
                                prepend references = @./instances.usda@</Instances/tn__object_1082_XH_1>
                            )
                            {
                                quatd xformOp:orient = (0.7071067691, -0.000002556955678, -0.000002556956588, 0.7071067691)
                                double3 xformOp:scale = (0.000999987009, 0.000999987009, 0.000999987009)
                                double3 xformOp:translate = (0.00667977985, -0.00009829280316, 0.07680012286)
                                uniform token[] xformOpOrder = ["xformOp:translate", "xformOp:orient", "xformOp:scale"]
                            }

                            def Xform "tn__object_1083_XH" (
                                displayName = "object_1.083"
                                instanceable = true
                                prepend references = @./instances.usda@</Instances/tn__object_1083_XH_1>
                            )
                            {
                                quatd xformOp:orient = (0.7071067691, -0.000002556955678, -0.000002556956588, 0.7071067691)
                                double3 xformOp:scale = (0.000999987009, 0.000999987009, 0.000999987009)
                                double3 xformOp:translate = (0.00667977985, -0.00009829280316, 0.07680012286)
                                uniform token[] xformOpOrder = ["xformOp:translate", "xformOp:orient", "xformOp:scale"]
                            }

                            def Xform "tn__object_1084_XH" (
                                displayName = "object_1.084"
                                instanceable = true
                                prepend references = @./instances.usda@</Instances/tn__object_1084_XH_1>
                            )
                            {
                                quatd xformOp:orient = (0.7071067691, -0.000002556955678, -0.000002556956588, 0.7071067691)
                                double3 xformOp:scale = (0.000999987009, 0.000999987009, 0.000999987009)
                                double3 xformOp:translate = (0.00667977985, -0.00009829280316, 0.07680012286)
                                uniform token[] xformOpOrder = ["xformOp:translate", "xformOp:orient", "xformOp:scale"]
                            }

                            def Xform "tn__object_1085_XH" (
                                displayName = "object_1.085"
                                instanceable = true
                                prepend references = @./instances.usda@</Instances/tn__object_1085_XH_1>
                            )
                            {
                                quatd xformOp:orient = (0.7071067691, -0.000002556955678, -0.000002556956588, 0.7071067691)
                                double3 xformOp:scale = (0.000999987009, 0.000999987009, 0.000999987009)
                                double3 xformOp:translate = (0.00667977985, -0.00009829280316, 0.07680012286)
                                uniform token[] xformOpOrder = ["xformOp:translate", "xformOp:orient", "xformOp:scale"]
                            }

                            def Xform "tn__object_1086_XH" (
                                displayName = "object_1.086"
                                instanceable = true
                                prepend references = @./instances.usda@</Instances/tn__object_1086_XH_1>
                            )
                            {
                                quatd xformOp:orient = (0.7071067691, -0.000002556955678, -0.000002556956588, 0.7071067691)
                                double3 xformOp:scale = (0.000999987009, 0.000999987009, 0.000999987009)
                                double3 xformOp:translate = (0.00667977985, -0.00009829280316, 0.07680012286)
                                uniform token[] xformOpOrder = ["xformOp:translate", "xformOp:orient", "xformOp:scale"]
                            }

                            def Xform "tn__object_1087_XH" (
                                displayName = "object_1.087"
                                instanceable = true
                                prepend references = @./instances.usda@</Instances/tn__object_1087_XH_1>
                            )
                            {
                                quatd xformOp:orient = (0.7071067691, -0.000002556955678, -0.000002556956588, 0.7071067691)
                                double3 xformOp:scale = (0.000999987009, 0.000999987009, 0.000999987009)
                                double3 xformOp:translate = (0.00667977985, -0.00009829280316, 0.07680012286)
                                uniform token[] xformOpOrder = ["xformOp:translate", "xformOp:orient", "xformOp:scale"]
                            }

                            def Xform "tn__object_1088_XH" (
                                displayName = "object_1.088"
                                instanceable = true
                                prepend references = @./instances.usda@</Instances/tn__object_1088_XH_1>
                            )
                            {
                                quatd xformOp:orient = (0.7071067691, -0.000002556955678, -0.000002556956588, 0.7071067691)
                                double3 xformOp:scale = (0.000999987009, 0.000999987009, 0.000999987009)
                                double3 xformOp:translate = (0.00667977985, -0.00009829280316, 0.07680012286)
                                uniform token[] xformOpOrder = ["xformOp:translate", "xformOp:orient", "xformOp:scale"]
                            }

                            def Xform "tn__object_1089_XH" (
                                displayName = "object_1.089"
                                instanceable = true
                                prepend references = @./instances.usda@</Instances/tn__object_1089_XH_1>
                            )
                            {
                                quatd xformOp:orient = (0.7071067691, -0.000002556955678, -0.000002556956588, 0.7071067691)
                                double3 xformOp:scale = (0.000999987009, 0.000999987009, 0.000999987009)
                                double3 xformOp:translate = (0.00667977985, -0.00009829280316, 0.07680012286)
                                uniform token[] xformOpOrder = ["xformOp:translate", "xformOp:orient", "xformOp:scale"]
                            }

                            def Xform "tn__object_1090_XH" (
                                displayName = "object_1.090"
                                instanceable = true
                                prepend references = @./instances.usda@</Instances/tn__object_1090_XH_1>
                            )
                            {
                                quatd xformOp:orient = (0.7071067691, -0.000002556955678, -0.000002556956588, 0.7071067691)
                                double3 xformOp:scale = (0.000999987009, 0.000999987009, 0.000999987009)
                                double3 xformOp:translate = (0.00667977985, -0.00009829280316, 0.07680012286)
                                uniform token[] xformOpOrder = ["xformOp:translate", "xformOp:orient", "xformOp:scale"]
                            }

                            def Xform "tn__object_1091_XH" (
                                displayName = "object_1.091"
                                instanceable = true
                                prepend references = @./instances.usda@</Instances/tn__object_1091_XH_1>
                            )
                            {
                                quatd xformOp:orient = (0.7071067691, -0.000002556955678, -0.000002556956588, 0.7071067691)
                                double3 xformOp:scale = (0.000999987009, 0.000999987009, 0.000999987009)
                                double3 xformOp:translate = (0.00667977985, -0.00009829280316, 0.07680012286)
                                uniform token[] xformOpOrder = ["xformOp:translate", "xformOp:orient", "xformOp:scale"]
                            }

                            def Xform "tn__object_1092_XH" (
                                displayName = "object_1.092"
                                instanceable = true
                                prepend references = @./instances.usda@</Instances/tn__object_1092_XH_1>
                            )
                            {
                                quatd xformOp:orient = (0.7071067691, -0.000002556955678, -0.000002556956588, 0.7071067691)
                                double3 xformOp:scale = (0.000999987009, 0.000999987009, 0.000999987009)
                                double3 xformOp:translate = (0.00667977985, -0.00009829280316, 0.07680012286)
                                uniform token[] xformOpOrder = ["xformOp:translate", "xformOp:orient", "xformOp:scale"]
                            }

                            def Xform "tn__object_1093_XH" (
                                displayName = "object_1.093"
                                instanceable = true
                                prepend references = @./instances.usda@</Instances/tn__object_1093_XH_1>
                            )
                            {
                                quatd xformOp:orient = (0.7071067691, -0.000002556955678, -0.000002556956588, 0.7071067691)
                                double3 xformOp:scale = (0.000999987009, 0.000999987009, 0.000999987009)
                                double3 xformOp:translate = (0.00667977985, -0.00009829280316, 0.07680012286)
                                uniform token[] xformOpOrder = ["xformOp:translate", "xformOp:orient", "xformOp:scale"]
                            }

                            def Xform "tn__object_1094_XH" (
                                displayName = "object_1.094"
                                instanceable = true
                                prepend references = @./instances.usda@</Instances/tn__object_1094_XH_1>
                            )
                            {
                                quatd xformOp:orient = (0.7071067691, -0.000002556955678, -0.000002556956588, 0.7071067691)
                                double3 xformOp:scale = (0.000999987009, 0.000999987009, 0.000999987009)
                                double3 xformOp:translate = (0.00667977985, -0.00009829280316, 0.07680012286)
                                uniform token[] xformOpOrder = ["xformOp:translate", "xformOp:orient", "xformOp:scale"]
                            }

                            def Xform "tn__object_1095_XH" (
                                displayName = "object_1.095"
                                instanceable = true
                                prepend references = @./instances.usda@</Instances/tn__object_1095_XH_1>
                            )
                            {
                                quatd xformOp:orient = (0.7071067691, -0.000002556955678, -0.000002556956588, 0.7071067691)
                                double3 xformOp:scale = (0.000999987009, 0.000999987009, 0.000999987009)
                                double3 xformOp:translate = (0.00667977985, -0.00009829280316, 0.07680012286)
                                uniform token[] xformOpOrder = ["xformOp:translate", "xformOp:orient", "xformOp:scale"]
                            }

                            def Xform "tn__object_1096_XH" (
                                displayName = "object_1.096"
                                instanceable = true
                                prepend references = @./instances.usda@</Instances/tn__object_1096_XH_1>
                            )
                            {
                                quatd xformOp:orient = (0.7071067691, -0.000002556955678, -0.000002556956588, 0.7071067691)
                                double3 xformOp:scale = (0.000999987009, 0.000999987009, 0.000999987009)
                                double3 xformOp:translate = (0.00667977985, -0.00009829280316, 0.07680012286)
                                uniform token[] xformOpOrder = ["xformOp:translate", "xformOp:orient", "xformOp:scale"]
                            }

                            def Xform "tn__object_1097_XH" (
                                displayName = "object_1.097"
                                instanceable = true
                                prepend references = @./instances.usda@</Instances/tn__object_1097_XH_1>
                            )
                            {
                                quatd xformOp:orient = (0.7071067691, -0.000002556955678, -0.000002556956588, 0.7071067691)
                                double3 xformOp:scale = (0.000999987009, 0.000999987009, 0.000999987009)
                                double3 xformOp:translate = (0.00667977985, -0.00009829280316, 0.07680012286)
                                uniform token[] xformOpOrder = ["xformOp:translate", "xformOp:orient", "xformOp:scale"]
                            }

                            def Xform "tn__object_1098_XH" (
                                displayName = "object_1.098"
                                instanceable = true
                                prepend references = @./instances.usda@</Instances/tn__object_1098_XH_1>
                            )
                            {
                                quatd xformOp:orient = (0.7071067691, -0.000002556955678, -0.000002556956588, 0.7071067691)
                                double3 xformOp:scale = (0.000999987009, 0.000999987009, 0.000999987009)
                                double3 xformOp:translate = (0.00667977985, -0.00009829280316, 0.07680012286)
                                uniform token[] xformOpOrder = ["xformOp:translate", "xformOp:orient", "xformOp:scale"]
                            }

                            def Xform "tn__object_1099_XH" (
                                displayName = "object_1.099"
                                instanceable = true
                                prepend references = @./instances.usda@</Instances/tn__object_1099_XH_1>
                            )
                            {
                                quatd xformOp:orient = (0.7071067691, -0.000002556955678, -0.000002556956588, 0.7071067691)
                                double3 xformOp:scale = (0.000999987009, 0.000999987009, 0.000999987009)
                                double3 xformOp:translate = (0.00667977985, -0.00009829280316, 0.07680012286)
                                uniform token[] xformOpOrder = ["xformOp:translate", "xformOp:orient", "xformOp:scale"]
                            }

                            def Xform "tn__object_1100_XH" (
                                displayName = "object_1.100"
                                instanceable = true
                                prepend references = @./instances.usda@</Instances/tn__object_1100_XH_1>
                            )
                            {
                                quatd xformOp:orient = (0.7071067691, -0.000002556955678, -0.000002556956588, 0.7071067691)
                                double3 xformOp:scale = (0.000999987009, 0.000999987009, 0.000999987009)
                                double3 xformOp:translate = (0.00667977985, -0.00009829280316, 0.07680012286)
                                uniform token[] xformOpOrder = ["xformOp:translate", "xformOp:orient", "xformOp:scale"]
                            }

                            def Xform "tn__object_1101_XH" (
                                displayName = "object_1.101"
                                instanceable = true
                                prepend references = @./instances.usda@</Instances/tn__object_1101_XH_1>
                            )
                            {
                                quatd xformOp:orient = (0.7071067691, -0.000002556955678, -0.000002556956588, 0.7071067691)
                                double3 xformOp:scale = (0.000999987009, 0.000999987009, 0.000999987009)
                                double3 xformOp:translate = (0.00667977985, -0.00009829280316, 0.07680012286)
                                uniform token[] xformOpOrder = ["xformOp:translate", "xformOp:orient", "xformOp:scale"]
                            }

                            def Xform "tn__object_1102_XH" (
                                displayName = "object_1.102"
                                instanceable = true
                                prepend references = @./instances.usda@</Instances/tn__object_1102_XH_1>
                            )
                            {
                                quatd xformOp:orient = (0.7071067691, -0.000002556955678, -0.000002556956588, 0.7071067691)
                                double3 xformOp:scale = (0.000999987009, 0.000999987009, 0.000999987009)
                                double3 xformOp:translate = (0.00667977985, -0.00009829280316, 0.07680012286)
                                uniform token[] xformOpOrder = ["xformOp:translate", "xformOp:orient", "xformOp:scale"]
                            }

                            def Xform "tn__object_1103_XH" (
                                displayName = "object_1.103"
                                instanceable = true
                                prepend references = @./instances.usda@</Instances/tn__object_1103_XH_1>
                            )
                            {
                                quatd xformOp:orient = (0.7071067691, -0.000002556955678, -0.000002556956588, 0.7071067691)
                                double3 xformOp:scale = (0.000999987009, 0.000999987009, 0.000999987009)
                                double3 xformOp:translate = (0.00667977985, -0.00009829280316, 0.07680012286)
                                uniform token[] xformOpOrder = ["xformOp:translate", "xformOp:orient", "xformOp:scale"]
                            }

                            def Xform "tn__object_1104_XH" (
                                displayName = "object_1.104"
                                instanceable = true
                                prepend references = @./instances.usda@</Instances/tn__object_1104_XH_1>
                            )
                            {
                                quatd xformOp:orient = (0.7071067691, -0.000002556955678, -0.000002556956588, 0.7071067691)
                                double3 xformOp:scale = (0.000999987009, 0.000999987009, 0.000999987009)
                                double3 xformOp:translate = (0.00667977985, -0.00009829280316, 0.07680012286)
                                uniform token[] xformOpOrder = ["xformOp:translate", "xformOp:orient", "xformOp:scale"]
                            }

                            def Xform "tn__object_1105_XH" (
                                displayName = "object_1.105"
                                instanceable = true
                                prepend references = @./instances.usda@</Instances/tn__object_1105_XH_1>
                            )
                            {
                                quatd xformOp:orient = (0.7071067691, -0.000002556955678, -0.000002556956588, 0.7071067691)
                                double3 xformOp:scale = (0.000999987009, 0.000999987009, 0.000999987009)
                                double3 xformOp:translate = (0.00667977985, -0.00009829280316, 0.07680012286)
                                uniform token[] xformOpOrder = ["xformOp:translate", "xformOp:orient", "xformOp:scale"]
                            }

                            def Xform "tn__object_1106_XH" (
                                displayName = "object_1.106"
                                instanceable = true
                                prepend references = @./instances.usda@</Instances/tn__object_1106_XH_1>
                            )
                            {
                                quatd xformOp:orient = (0.7071067691, -0.000002556955678, -0.000002556956588, 0.7071067691)
                                double3 xformOp:scale = (0.000999987009, 0.000999987009, 0.000999987009)
                                double3 xformOp:translate = (0.00667977985, -0.00009829280316, 0.07680012286)
                                uniform token[] xformOpOrder = ["xformOp:translate", "xformOp:orient", "xformOp:scale"]
                            }

                            def Xform "tn__object_1107_XH" (
                                displayName = "object_1.107"
                                instanceable = true
                                prepend references = @./instances.usda@</Instances/tn__object_1107_XH_1>
                            )
                            {
                                quatd xformOp:orient = (0.7071067691, -0.000002556955678, -0.000002556956588, 0.7071067691)
                                double3 xformOp:scale = (0.000999987009, 0.000999987009, 0.000999987009)
                                double3 xformOp:translate = (0.00667977985, -0.00009829280316, 0.07680012286)
                                uniform token[] xformOpOrder = ["xformOp:translate", "xformOp:orient", "xformOp:scale"]
                            }

                            def Xform "tn__object_1108_XH" (
                                displayName = "object_1.108"
                                instanceable = true
                                prepend references = @./instances.usda@</Instances/tn__object_1108_XH_1>
                            )
                            {
                                quatd xformOp:orient = (0.7071067691, -0.000002556955678, -0.000002556956588, 0.7071067691)
                                double3 xformOp:scale = (0.000999987009, 0.000999987009, 0.000999987009)
                                double3 xformOp:translate = (0.00667977985, -0.00009829280316, 0.07680012286)
                                uniform token[] xformOpOrder = ["xformOp:translate", "xformOp:orient", "xformOp:scale"]
                            }

                            def Xform "tn__object_1109_XH" (
                                displayName = "object_1.109"
                                instanceable = true
                                prepend references = @./instances.usda@</Instances/tn__object_1109_XH_1>
                            )
                            {
                                quatd xformOp:orient = (0.7071067691, -0.000002556955678, -0.000002556956588, 0.7071067691)
                                double3 xformOp:scale = (0.000999987009, 0.000999987009, 0.000999987009)
                                double3 xformOp:translate = (0.00667977985, -0.00009829280316, 0.07680012286)
                                uniform token[] xformOpOrder = ["xformOp:translate", "xformOp:orient", "xformOp:scale"]
                            }

                            def Xform "tn__object_1110_XH" (
                                displayName = "object_1.110"
                                instanceable = true
                                prepend references = @./instances.usda@</Instances/tn__object_1110_XH_1>
                            )
                            {
                                quatd xformOp:orient = (0.7071067691, -0.000002556955678, -0.000002556956588, 0.7071067691)
                                double3 xformOp:scale = (0.000999987009, 0.000999987009, 0.000999987009)
                                double3 xformOp:translate = (0.00667977985, -0.00009829280316, 0.07680012286)
                                uniform token[] xformOpOrder = ["xformOp:translate", "xformOp:orient", "xformOp:scale"]
                            }

                            def Xform "tn__object_1111_XH" (
                                displayName = "object_1.111"
                                instanceable = true
                                prepend references = @./instances.usda@</Instances/tn__object_1111_XH_1>
                            )
                            {
                                quatd xformOp:orient = (0.7071067691, -0.000002556955678, -0.000002556956588, 0.7071067691)
                                double3 xformOp:scale = (0.000999987009, 0.000999987009, 0.000999987009)
                                double3 xformOp:translate = (0.00667977985, -0.00009829280316, 0.07680012286)
                                uniform token[] xformOpOrder = ["xformOp:translate", "xformOp:orient", "xformOp:scale"]
                            }

                            def Xform "tn__object_1112_XH" (
                                displayName = "object_1.112"
                                instanceable = true
                                prepend references = @./instances.usda@</Instances/tn__object_1112_XH_1>
                            )
                            {
                                quatd xformOp:orient = (0.7071067691, -0.000002556955678, -0.000002556956588, 0.7071067691)
                                double3 xformOp:scale = (0.000999987009, 0.000999987009, 0.000999987009)
                                double3 xformOp:translate = (0.00667977985, -0.00009829280316, 0.07680012286)
                                uniform token[] xformOpOrder = ["xformOp:translate", "xformOp:orient", "xformOp:scale"]
                            }

                            def Xform "tn__object_1113_XH" (
                                displayName = "object_1.113"
                                instanceable = true
                                prepend references = @./instances.usda@</Instances/tn__object_1113_XH_1>
                            )
                            {
                                quatd xformOp:orient = (0.7071067691, -0.000002556955678, -0.000002556956588, 0.7071067691)
                                double3 xformOp:scale = (0.000999987009, 0.000999987009, 0.000999987009)
                                double3 xformOp:translate = (0.00667977985, -0.00009829280316, 0.07680012286)
                                uniform token[] xformOpOrder = ["xformOp:translate", "xformOp:orient", "xformOp:scale"]
                            }

                            def Xform "tn__object_1114_XH" (
                                displayName = "object_1.114"
                                instanceable = true
                                prepend references = @./instances.usda@</Instances/tn__object_1114_XH_1>
                            )
                            {
                                quatd xformOp:orient = (0.7071067691, -0.000002556955678, -0.000002556956588, 0.7071067691)
                                double3 xformOp:scale = (0.000999987009, 0.000999987009, 0.000999987009)
                                double3 xformOp:translate = (0.00667977985, -0.00009829280316, 0.07680012286)
                                uniform token[] xformOpOrder = ["xformOp:translate", "xformOp:orient", "xformOp:scale"]
                            }

                            def Xform "tn__object_1115_XH" (
                                displayName = "object_1.115"
                                instanceable = true
                                prepend references = @./instances.usda@</Instances/tn__object_1115_XH_1>
                            )
                            {
                                quatd xformOp:orient = (0.7071067691, -0.000002556955678, -0.000002556956588, 0.7071067691)
                                double3 xformOp:scale = (0.000999987009, 0.000999987009, 0.000999987009)
                                double3 xformOp:translate = (0.00667977985, -0.00009829280316, 0.07680012286)
                                uniform token[] xformOpOrder = ["xformOp:translate", "xformOp:orient", "xformOp:scale"]
                            }

                            def Xform "tn__object_1116_XH" (
                                displayName = "object_1.116"
                                instanceable = true
                                prepend references = @./instances.usda@</Instances/tn__object_1116_XH_1>
                            )
                            {
                                quatd xformOp:orient = (0.7071067691, -0.000002556955678, -0.000002556956588, 0.7071067691)
                                double3 xformOp:scale = (0.000999987009, 0.000999987009, 0.000999987009)
                                double3 xformOp:translate = (0.00667977985, -0.00009829280316, 0.07680012286)
                                uniform token[] xformOpOrder = ["xformOp:translate", "xformOp:orient", "xformOp:scale"]
                            }

                            def Xform "tn__object_1117_XH" (
                                displayName = "object_1.117"
                                instanceable = true
                                prepend references = @./instances.usda@</Instances/tn__object_1117_XH_1>
                            )
                            {
                                quatd xformOp:orient = (0.7071067691, -0.000002556955678, -0.000002556956588, 0.7071067691)
                                double3 xformOp:scale = (0.000999987009, 0.000999987009, 0.000999987009)
                                double3 xformOp:translate = (0.00667977985, -0.00009829280316, 0.07680012286)
                                uniform token[] xformOpOrder = ["xformOp:translate", "xformOp:orient", "xformOp:scale"]
                            }

                            def Xform "tn__object_1118_XH" (
                                displayName = "object_1.118"
                                instanceable = true
                                prepend references = @./instances.usda@</Instances/tn__object_1118_XH_1>
                            )
                            {
                                quatd xformOp:orient = (0.7071067691, -0.000002556955678, -0.000002556956588, 0.7071067691)
                                double3 xformOp:scale = (0.000999987009, 0.000999987009, 0.000999987009)
                                double3 xformOp:translate = (0.00667977985, -0.00009829280316, 0.07680012286)
                                uniform token[] xformOpOrder = ["xformOp:translate", "xformOp:orient", "xformOp:scale"]
                            }

                            def Xform "tn__object_1119_XH" (
                                displayName = "object_1.119"
                                instanceable = true
                                prepend references = @./instances.usda@</Instances/tn__object_1119_XH_1>
                            )
                            {
                                quatd xformOp:orient = (0.7071067691, -0.000002556955678, -0.000002556956588, 0.7071067691)
                                double3 xformOp:scale = (0.000999987009, 0.000999987009, 0.000999987009)
                                double3 xformOp:translate = (0.00667977985, -0.00009829280316, 0.07680012286)
                                uniform token[] xformOpOrder = ["xformOp:translate", "xformOp:orient", "xformOp:scale"]
                            }

                            def Xform "tn__object_1120_XH" (
                                displayName = "object_1.120"
                                instanceable = true
                                prepend references = @./instances.usda@</Instances/tn__object_1120_XH_1>
                            )
                            {
                                quatd xformOp:orient = (0.7071067691, -0.000002556955678, -0.000002556956588, 0.7071067691)
                                double3 xformOp:scale = (0.000999987009, 0.000999987009, 0.000999987009)
                                double3 xformOp:translate = (0.00667977985, -0.00009829280316, 0.07680012286)
                                uniform token[] xformOpOrder = ["xformOp:translate", "xformOp:orient", "xformOp:scale"]
                            }

                            def Xform "tn__object_1121_XH" (
                                displayName = "object_1.121"
                                instanceable = true
                                prepend references = @./instances.usda@</Instances/tn__object_1121_XH_1>
                            )
                            {
                                quatd xformOp:orient = (0.7071067691, -0.000002556955678, -0.000002556956588, 0.7071067691)
                                double3 xformOp:scale = (0.000999987009, 0.000999987009, 0.000999987009)
                                double3 xformOp:translate = (0.00667977985, -0.00009829280316, 0.07680012286)
                                uniform token[] xformOpOrder = ["xformOp:translate", "xformOp:orient", "xformOp:scale"]
                            }

                            def Xform "tn__object_1122_XH" (
                                displayName = "object_1.122"
                                instanceable = true
                                prepend references = @./instances.usda@</Instances/tn__object_1122_XH_1>
                            )
                            {
                                quatd xformOp:orient = (0.7071067691, -0.000002556955678, -0.000002556956588, 0.7071067691)
                                double3 xformOp:scale = (0.000999987009, 0.000999987009, 0.000999987009)
                                double3 xformOp:translate = (0.00667977985, -0.00009829280316, 0.07680012286)
                                uniform token[] xformOpOrder = ["xformOp:translate", "xformOp:orient", "xformOp:scale"]
                            }

                            def Xform "tn__object_1123_XH" (
                                displayName = "object_1.123"
                                instanceable = true
                                prepend references = @./instances.usda@</Instances/tn__object_1123_XH_1>
                            )
                            {
                                quatd xformOp:orient = (0.7071067691, -0.000002556955678, -0.000002556956588, 0.7071067691)
                                double3 xformOp:scale = (0.000999987009, 0.000999987009, 0.000999987009)
                                double3 xformOp:translate = (0.00667977985, -0.00009829280316, 0.07680012286)
                                uniform token[] xformOpOrder = ["xformOp:translate", "xformOp:orient", "xformOp:scale"]
                            }

                            def Xform "tn__object_1124_XH" (
                                displayName = "object_1.124"
                                instanceable = true
                                prepend references = @./instances.usda@</Instances/tn__object_1124_XH_1>
                            )
                            {
                                quatd xformOp:orient = (0.7071067691, -0.000002556955678, -0.000002556956588, 0.7071067691)
                                double3 xformOp:scale = (0.000999987009, 0.000999987009, 0.000999987009)
                                double3 xformOp:translate = (0.00667977985, -0.00009829280316, 0.07680012286)
                                uniform token[] xformOpOrder = ["xformOp:translate", "xformOp:orient", "xformOp:scale"]
                            }

                            def Xform "tn__object_1125_XH" (
                                displayName = "object_1.125"
                                instanceable = true
                                prepend references = @./instances.usda@</Instances/tn__object_1125_XH_1>
                            )
                            {
                                quatd xformOp:orient = (0.7071067691, -0.000002556955678, -0.000002556956588, 0.7071067691)
                                double3 xformOp:scale = (0.000999987009, 0.000999987009, 0.000999987009)
                                double3 xformOp:translate = (0.00667977985, -0.00009829280316, 0.07680012286)
                                uniform token[] xformOpOrder = ["xformOp:translate", "xformOp:orient", "xformOp:scale"]
                            }

                            def Xform "tn__object_1126_XH" (
                                displayName = "object_1.126"
                                instanceable = true
                                prepend references = @./instances.usda@</Instances/tn__object_1126_XH_1>
                            )
                            {
                                quatd xformOp:orient = (0.7071067691, -0.000002556955678, -0.000002556956588, 0.7071067691)
                                double3 xformOp:scale = (0.000999987009, 0.000999987009, 0.000999987009)
                                double3 xformOp:translate = (0.00667977985, -0.00009829280316, 0.07680012286)
                                uniform token[] xformOpOrder = ["xformOp:translate", "xformOp:orient", "xformOp:scale"]
                            }

                            def Xform "tn__object_1127_XH" (
                                displayName = "object_1.127"
                                instanceable = true
                                prepend references = @./instances.usda@</Instances/tn__object_1127_XH_1>
                            )
                            {
                                quatd xformOp:orient = (0.7071067691, -0.000002556955678, -0.000002556956588, 0.7071067691)
                                double3 xformOp:scale = (0.000999987009, 0.000999987009, 0.000999987009)
                                double3 xformOp:translate = (0.00667977985, -0.00009829280316, 0.07680012286)
                                uniform token[] xformOpOrder = ["xformOp:translate", "xformOp:orient", "xformOp:scale"]
                            }

                            def Xform "tn__object_1128_XH" (
                                displayName = "object_1.128"
                                instanceable = true
                                prepend references = @./instances.usda@</Instances/tn__object_1128_XH_1>
                            )
                            {
                                quatd xformOp:orient = (0.7071067691, -0.000002556955678, -0.000002556956588, 0.7071067691)
                                double3 xformOp:scale = (0.000999987009, 0.000999987009, 0.000999987009)
                                double3 xformOp:translate = (0.00667977985, -0.00009829280316, 0.07680012286)
                                uniform token[] xformOpOrder = ["xformOp:translate", "xformOp:orient", "xformOp:scale"]
                            }

                            def Xform "tn__object_1129_XH" (
                                displayName = "object_1.129"
                                instanceable = true
                                prepend references = @./instances.usda@</Instances/tn__object_1129_XH_1>
                            )
                            {
                                quatd xformOp:orient = (0.7071067691, -0.000002556955678, -0.000002556956588, 0.7071067691)
                                double3 xformOp:scale = (0.000999987009, 0.000999987009, 0.000999987009)
                                double3 xformOp:translate = (0.00667977985, -0.00009829280316, 0.07680012286)
                                uniform token[] xformOpOrder = ["xformOp:translate", "xformOp:orient", "xformOp:scale"]
                            }

                            def Xform "tn__object_1130_XH" (
                                displayName = "object_1.130"
                                instanceable = true
                                prepend references = @./instances.usda@</Instances/tn__object_1130_XH_1>
                            )
                            {
                                quatd xformOp:orient = (0.7071067691, -0.000002556955678, -0.000002556956588, 0.7071067691)
                                double3 xformOp:scale = (0.000999987009, 0.000999987009, 0.000999987009)
                                double3 xformOp:translate = (0.00667977985, -0.00009829280316, 0.07680012286)
                                uniform token[] xformOpOrder = ["xformOp:translate", "xformOp:orient", "xformOp:scale"]
                            }

                            def Xform "tn__object_1131_XH" (
                                displayName = "object_1.131"
                                instanceable = true
                                prepend references = @./instances.usda@</Instances/tn__object_1131_XH_1>
                            )
                            {
                                quatd xformOp:orient = (0.7071067691, -0.000002556955678, -0.000002556956588, 0.7071067691)
                                double3 xformOp:scale = (0.000999987009, 0.000999987009, 0.000999987009)
                                double3 xformOp:translate = (0.00667977985, -0.00009829280316, 0.07680012286)
                                uniform token[] xformOpOrder = ["xformOp:translate", "xformOp:orient", "xformOp:scale"]
                            }

                            def Xform "tn__object_1132_XH" (
                                displayName = "object_1.132"
                                instanceable = true
                                prepend references = @./instances.usda@</Instances/tn__object_1132_XH_1>
                            )
                            {
                                quatd xformOp:orient = (0.7071067691, -0.000002556955678, -0.000002556956588, 0.7071067691)
                                double3 xformOp:scale = (0.000999987009, 0.000999987009, 0.000999987009)
                                double3 xformOp:translate = (0.00667977985, -0.00009829280316, 0.07680012286)
                                uniform token[] xformOpOrder = ["xformOp:translate", "xformOp:orient", "xformOp:scale"]
                            }

                            def Xform "tn__object_1133_XH" (
                                displayName = "object_1.133"
                                instanceable = true
                                prepend references = @./instances.usda@</Instances/tn__object_1133_XH_1>
                            )
                            {
                                quatd xformOp:orient = (0.7071067691, -0.000002556955678, -0.000002556956588, 0.7071067691)
                                double3 xformOp:scale = (0.000999987009, 0.000999987009, 0.000999987009)
                                double3 xformOp:translate = (0.00667977985, -0.00009829280316, 0.07680012286)
                                uniform token[] xformOpOrder = ["xformOp:translate", "xformOp:orient", "xformOp:scale"]
                            }

                            def Xform "tn__object_1134_XH" (
                                displayName = "object_1.134"
                                instanceable = true
                                prepend references = @./instances.usda@</Instances/tn__object_1134_XH_1>
                            )
                            {
                                quatd xformOp:orient = (0.7071067691, -0.000002556955678, -0.000002556956588, 0.7071067691)
                                double3 xformOp:scale = (0.000999987009, 0.000999987009, 0.000999987009)
                                double3 xformOp:translate = (0.00667977985, -0.00009829280316, 0.07680012286)
                                uniform token[] xformOpOrder = ["xformOp:translate", "xformOp:orient", "xformOp:scale"]
                            }

                            def Xform "tn__object_1135_XH" (
                                displayName = "object_1.135"
                                instanceable = true
                                prepend references = @./instances.usda@</Instances/tn__object_1135_XH_1>
                            )
                            {
                                quatd xformOp:orient = (0.7071067691, -0.000002556955678, -0.000002556956588, 0.7071067691)
                                double3 xformOp:scale = (0.000999987009, 0.000999987009, 0.000999987009)
                                double3 xformOp:translate = (0.00667977985, -0.00009829280316, 0.07680012286)
                                uniform token[] xformOpOrder = ["xformOp:translate", "xformOp:orient", "xformOp:scale"]
                            }

                            def Xform "tn__object_1136_XH" (
                                displayName = "object_1.136"
                                instanceable = true
                                prepend references = @./instances.usda@</Instances/tn__object_1136_XH_1>
                            )
                            {
                                quatd xformOp:orient = (0.7071067691, -0.000002556955678, -0.000002556956588, 0.7071067691)
                                double3 xformOp:scale = (0.000999987009, 0.000999987009, 0.000999987009)
                                double3 xformOp:translate = (0.00667977985, -0.00009829280316, 0.07680012286)
                                uniform token[] xformOpOrder = ["xformOp:translate", "xformOp:orient", "xformOp:scale"]
                            }

                            def Xform "tn__object_1137_XH" (
                                displayName = "object_1.137"
                                instanceable = true
                                prepend references = @./instances.usda@</Instances/tn__object_1137_XH_1>
                            )
                            {
                                quatd xformOp:orient = (0.7071067691, -0.000002556955678, -0.000002556956588, 0.7071067691)
                                double3 xformOp:scale = (0.000999987009, 0.000999987009, 0.000999987009)
                                double3 xformOp:translate = (0.00667977985, -0.00009829280316, 0.07680012286)
                                uniform token[] xformOpOrder = ["xformOp:translate", "xformOp:orient", "xformOp:scale"]
                            }

                            def Xform "tn__object_1138_XH" (
                                displayName = "object_1.138"
                                instanceable = true
                                prepend references = @./instances.usda@</Instances/tn__object_1138_XH_1>
                            )
                            {
                                quatd xformOp:orient = (0.7071067691, -0.000002556955678, -0.000002556956588, 0.7071067691)
                                double3 xformOp:scale = (0.000999987009, 0.000999987009, 0.000999987009)
                                double3 xformOp:translate = (0.00667977985, -0.00009829280316, 0.07680012286)
                                uniform token[] xformOpOrder = ["xformOp:translate", "xformOp:orient", "xformOp:scale"]
                            }

                            def Xform "tn__object_1139_XH" (
                                displayName = "object_1.139"
                                instanceable = true
                                prepend references = @./instances.usda@</Instances/tn__object_1139_XH_1>
                            )
                            {
                                quatd xformOp:orient = (0.7071067691, -0.000002556955678, -0.000002556956588, 0.7071067691)
                                double3 xformOp:scale = (0.000999987009, 0.000999987009, 0.000999987009)
                                double3 xformOp:translate = (0.00667977985, -0.00009829280316, 0.07680012286)
                                uniform token[] xformOpOrder = ["xformOp:translate", "xformOp:orient", "xformOp:scale"]
                            }

                            def Xform "tn__object_1140_XH" (
                                displayName = "object_1.140"
                                instanceable = true
                                prepend references = @./instances.usda@</Instances/tn__object_1140_XH_1>
                            )
                            {
                                quatd xformOp:orient = (0.7071067691, -0.000002556955678, -0.000002556956588, 0.7071067691)
                                double3 xformOp:scale = (0.000999987009, 0.000999987009, 0.000999987009)
                                double3 xformOp:translate = (0.00667977985, -0.00009829280316, 0.07680012286)
                                uniform token[] xformOpOrder = ["xformOp:translate", "xformOp:orient", "xformOp:scale"]
                            }

                            def Xform "tn__object_1141_XH" (
                                displayName = "object_1.141"
                                instanceable = true
                                prepend references = @./instances.usda@</Instances/tn__object_1141_XH_1>
                            )
                            {
                                quatd xformOp:orient = (0.7071067691, -0.000002556955678, -0.000002556956588, 0.7071067691)
                                double3 xformOp:scale = (0.000999987009, 0.000999987009, 0.000999987009)
                                double3 xformOp:translate = (0.00667977985, -0.00009829280316, 0.07680012286)
                                uniform token[] xformOpOrder = ["xformOp:translate", "xformOp:orient", "xformOp:scale"]
                            }

                            def Xform "tn__object_1142_XH" (
                                displayName = "object_1.142"
                                instanceable = true
                                prepend references = @./instances.usda@</Instances/tn__object_1142_XH_1>
                            )
                            {
                                quatd xformOp:orient = (0.7071067691, -0.000002556955678, -0.000002556956588, 0.7071067691)
                                double3 xformOp:scale = (0.000999987009, 0.000999987009, 0.000999987009)
                                double3 xformOp:translate = (0.00667977985, -0.00009829280316, 0.07680012286)
                                uniform token[] xformOpOrder = ["xformOp:translate", "xformOp:orient", "xformOp:scale"]
                            }

                            def Xform "tn__object_1143_XH" (
                                displayName = "object_1.143"
                                instanceable = true
                                prepend references = @./instances.usda@</Instances/tn__object_1143_XH_1>
                            )
                            {
                                quatd xformOp:orient = (0.7071067691, -0.000002556955678, -0.000002556956588, 0.7071067691)
                                double3 xformOp:scale = (0.000999987009, 0.000999987009, 0.000999987009)
                                double3 xformOp:translate = (0.00667977985, -0.00009829280316, 0.07680012286)
                                uniform token[] xformOpOrder = ["xformOp:translate", "xformOp:orient", "xformOp:scale"]
                            }

                            def Xform "tn__object_1144_XH" (
                                displayName = "object_1.144"
                                instanceable = true
                                prepend references = @./instances.usda@</Instances/tn__object_1144_XH_1>
                            )
                            {
                                quatd xformOp:orient = (0.7071067691, -0.000002556955678, -0.000002556956588, 0.7071067691)
                                double3 xformOp:scale = (0.000999987009, 0.000999987009, 0.000999987009)
                                double3 xformOp:translate = (0.00667977985, -0.00009829280316, 0.07680012286)
                                uniform token[] xformOpOrder = ["xformOp:translate", "xformOp:orient", "xformOp:scale"]
                            }

                            def Xform "tn__object_1145_XH" (
                                displayName = "object_1.145"
                                instanceable = true
                                prepend references = @./instances.usda@</Instances/tn__object_1145_XH_1>
                            )
                            {
                                quatd xformOp:orient = (0.7071067691, -0.000002556955678, -0.000002556956588, 0.7071067691)
                                double3 xformOp:scale = (0.000999987009, 0.000999987009, 0.000999987009)
                                double3 xformOp:translate = (0.00667977985, -0.00009829280316, 0.07680012286)
                                uniform token[] xformOpOrder = ["xformOp:translate", "xformOp:orient", "xformOp:scale"]
                            }

                            def Xform "tn__object_1146_XH" (
                                displayName = "object_1.146"
                                instanceable = true
                                prepend references = @./instances.usda@</Instances/tn__object_1146_XH_1>
                            )
                            {
                                quatd xformOp:orient = (0.7071067691, -0.000002556955678, -0.000002556956588, 0.7071067691)
                                double3 xformOp:scale = (0.000999987009, 0.000999987009, 0.000999987009)
                                double3 xformOp:translate = (0.00667977985, -0.00009829280316, 0.07680012286)
                                uniform token[] xformOpOrder = ["xformOp:translate", "xformOp:orient", "xformOp:scale"]
                            }

                            def Xform "tn__object_1147_XH" (
                                displayName = "object_1.147"
                                instanceable = true
                                prepend references = @./instances.usda@</Instances/tn__object_1147_XH_1>
                            )
                            {
                                quatd xformOp:orient = (0.7071067691, -0.000002556955678, -0.000002556956588, 0.7071067691)
                                double3 xformOp:scale = (0.000999987009, 0.000999987009, 0.000999987009)
                                double3 xformOp:translate = (0.00667977985, -0.00009829280316, 0.07680012286)
                                uniform token[] xformOpOrder = ["xformOp:translate", "xformOp:orient", "xformOp:scale"]
                            }

                            def Xform "tn__object_1148_XH" (
                                displayName = "object_1.148"
                                instanceable = true
                                prepend references = @./instances.usda@</Instances/tn__object_1148_XH_1>
                            )
                            {
                                quatd xformOp:orient = (0.7071067691, -0.000002556955678, -0.000002556956588, 0.7071067691)
                                double3 xformOp:scale = (0.000999987009, 0.000999987009, 0.000999987009)
                                double3 xformOp:translate = (0.00667977985, -0.00009829280316, 0.07680012286)
                                uniform token[] xformOpOrder = ["xformOp:translate", "xformOp:orient", "xformOp:scale"]
                            }

                            def Xform "tn__object_1149_XH" (
                                displayName = "object_1.149"
                                instanceable = true
                                prepend references = @./instances.usda@</Instances/tn__object_1149_XH_1>
                            )
                            {
                                quatd xformOp:orient = (0.7071067691, -0.000002556955678, -0.000002556956588, 0.7071067691)
                                double3 xformOp:scale = (0.000999987009, 0.000999987009, 0.000999987009)
                                double3 xformOp:translate = (0.00667977985, -0.00009829280316, 0.07680012286)
                                uniform token[] xformOpOrder = ["xformOp:translate", "xformOp:orient", "xformOp:scale"]
                            }

                            def Xform "tn__object_1150_XH" (
                                displayName = "object_1.150"
                                instanceable = true
                                prepend references = @./instances.usda@</Instances/tn__object_1150_XH_1>
                            )
                            {
                                quatd xformOp:orient = (0.7071067691, -0.000002556955678, -0.000002556956588, 0.7071067691)
                                double3 xformOp:scale = (0.000999987009, 0.000999987009, 0.000999987009)
                                double3 xformOp:translate = (0.00667977985, -0.00009829280316, 0.07680012286)
                                uniform token[] xformOpOrder = ["xformOp:translate", "xformOp:orient", "xformOp:scale"]
                            }

                            def Xform "tn__object_1151_XH" (
                                displayName = "object_1.151"
                                instanceable = true
                                prepend references = @./instances.usda@</Instances/tn__object_1151_XH_1>
                            )
                            {
                                quatd xformOp:orient = (0.7071067691, -0.000002556955678, -0.000002556956588, 0.7071067691)
                                double3 xformOp:scale = (0.000999987009, 0.000999987009, 0.000999987009)
                                double3 xformOp:translate = (0.00667977985, -0.00009829280316, 0.07680012286)
                                uniform token[] xformOpOrder = ["xformOp:translate", "xformOp:orient", "xformOp:scale"]
                            }

                            def Xform "tn__object_1152_XH" (
                                displayName = "object_1.152"
                                instanceable = true
                                prepend references = @./instances.usda@</Instances/tn__object_1152_XH_1>
                            )
                            {
                                quatd xformOp:orient = (0.7071067691, -0.000002556955678, -0.000002556956588, 0.7071067691)
                                double3 xformOp:scale = (0.000999987009, 0.000999987009, 0.000999987009)
                                double3 xformOp:translate = (0.00667977985, -0.00009829280316, 0.07680012286)
                                uniform token[] xformOpOrder = ["xformOp:translate", "xformOp:orient", "xformOp:scale"]
                            }

                            def Xform "tn__object_1153_XH" (
                                displayName = "object_1.153"
                                instanceable = true
                                prepend references = @./instances.usda@</Instances/tn__object_1153_XH_1>
                            )
                            {
                                quatd xformOp:orient = (0.7071067691, -0.000002556955678, -0.000002556956588, 0.7071067691)
                                double3 xformOp:scale = (0.000999987009, 0.000999987009, 0.000999987009)
                                double3 xformOp:translate = (0.00667977985, -0.00009829280316, 0.07680012286)
                                uniform token[] xformOpOrder = ["xformOp:translate", "xformOp:orient", "xformOp:scale"]
                            }

                            def Xform "tn__object_1154_XH" (
                                displayName = "object_1.154"
                                instanceable = true
                                prepend references = @./instances.usda@</Instances/tn__object_1154_XH_1>
                            )
                            {
                                quatd xformOp:orient = (0.7071067691, -0.000002556955678, -0.000002556956588, 0.7071067691)
                                double3 xformOp:scale = (0.000999987009, 0.000999987009, 0.000999987009)
                                double3 xformOp:translate = (0.00667977985, -0.00009829280316, 0.07680012286)
                                uniform token[] xformOpOrder = ["xformOp:translate", "xformOp:orient", "xformOp:scale"]
                            }

                            def Xform "tn__object_1155_XH" (
                                displayName = "object_1.155"
                                instanceable = true
                                prepend references = @./instances.usda@</Instances/tn__object_1155_XH_1>
                            )
                            {
                                quatd xformOp:orient = (0.7071067691, -0.000002556955678, -0.000002556956588, 0.7071067691)
                                double3 xformOp:scale = (0.000999987009, 0.000999987009, 0.000999987009)
                                double3 xformOp:translate = (0.00667977985, -0.00009829280316, 0.07680012286)
                                uniform token[] xformOpOrder = ["xformOp:translate", "xformOp:orient", "xformOp:scale"]
                            }

                            def Xform "tn__object_1156_XH" (
                                displayName = "object_1.156"
                                instanceable = true
                                prepend references = @./instances.usda@</Instances/tn__object_1156_XH_1>
                            )
                            {
                                quatd xformOp:orient = (0.7071067691, -0.000002556955678, -0.000002556956588, 0.7071067691)
                                double3 xformOp:scale = (0.000999987009, 0.000999987009, 0.000999987009)
                                double3 xformOp:translate = (0.00667977985, -0.00009829280316, 0.07680012286)
                                uniform token[] xformOpOrder = ["xformOp:translate", "xformOp:orient", "xformOp:scale"]
                            }

                            def Xform "tn__object_1157_XH" (
                                displayName = "object_1.157"
                                instanceable = true
                                prepend references = @./instances.usda@</Instances/tn__object_1157_XH_1>
                            )
                            {
                                quatd xformOp:orient = (0.7071067691, -0.000002556955678, -0.000002556956588, 0.7071067691)
                                double3 xformOp:scale = (0.000999987009, 0.000999987009, 0.000999987009)
                                double3 xformOp:translate = (0.00667977985, -0.00009829280316, 0.07680012286)
                                uniform token[] xformOpOrder = ["xformOp:translate", "xformOp:orient", "xformOp:scale"]
                            }

                            def Xform "tn__object_1158_XH" (
                                displayName = "object_1.158"
                                instanceable = true
                                prepend references = @./instances.usda@</Instances/tn__object_1158_XH_1>
                            )
                            {
                                quatd xformOp:orient = (0.7071067691, -0.000002556955678, -0.000002556956588, 0.7071067691)
                                double3 xformOp:scale = (0.000999987009, 0.000999987009, 0.000999987009)
                                double3 xformOp:translate = (0.00667977985, -0.00009829280316, 0.07680012286)
                                uniform token[] xformOpOrder = ["xformOp:translate", "xformOp:orient", "xformOp:scale"]
                            }

                            def Xform "tn__object_1159_XH" (
                                displayName = "object_1.159"
                                instanceable = true
                                prepend references = @./instances.usda@</Instances/tn__object_1159_XH_1>
                            )
                            {
                                quatd xformOp:orient = (0.7071067691, -0.000002556955678, -0.000002556956588, 0.7071067691)
                                double3 xformOp:scale = (0.000999987009, 0.000999987009, 0.000999987009)
                                double3 xformOp:translate = (0.00667977985, -0.00009829280316, 0.07680012286)
                                uniform token[] xformOpOrder = ["xformOp:translate", "xformOp:orient", "xformOp:scale"]
                            }

                            def Xform "tn__object_1160_XH" (
                                displayName = "object_1.160"
                                instanceable = true
                                prepend references = @./instances.usda@</Instances/tn__object_1160_XH_1>
                            )
                            {
                                quatd xformOp:orient = (0.7071067691, -0.000002556955678, -0.000002556956588, 0.7071067691)
                                double3 xformOp:scale = (0.000999987009, 0.000999987009, 0.000999987009)
                                double3 xformOp:translate = (0.00667977985, -0.00009829280316, 0.07680012286)
                                uniform token[] xformOpOrder = ["xformOp:translate", "xformOp:orient", "xformOp:scale"]
                            }

                            def Xform "tn__object_1161_XH" (
                                displayName = "object_1.161"
                                instanceable = true
                                prepend references = @./instances.usda@</Instances/tn__object_1161_XH_1>
                            )
                            {
                                quatd xformOp:orient = (0.7071067691, -0.000002556955678, -0.000002556956588, 0.7071067691)
                                double3 xformOp:scale = (0.000999987009, 0.000999987009, 0.000999987009)
                                double3 xformOp:translate = (0.00667977985, -0.00009829280316, 0.07680012286)
                                uniform token[] xformOpOrder = ["xformOp:translate", "xformOp:orient", "xformOp:scale"]
                            }

                            def Xform "tn__object_1162_XH" (
                                displayName = "object_1.162"
                                instanceable = true
                                prepend references = @./instances.usda@</Instances/tn__object_1162_XH_1>
                            )
                            {
                                quatd xformOp:orient = (0.7071067691, -0.000002556955678, -0.000002556956588, 0.7071067691)
                                double3 xformOp:scale = (0.000999987009, 0.000999987009, 0.000999987009)
                                double3 xformOp:translate = (0.00667977985, -0.00009829280316, 0.07680012286)
                                uniform token[] xformOpOrder = ["xformOp:translate", "xformOp:orient", "xformOp:scale"]
                            }

                            def Xform "tn__object_1163_XH" (
                                displayName = "object_1.163"
                                instanceable = true
                                prepend references = @./instances.usda@</Instances/tn__object_1163_XH_1>
                            )
                            {
                                quatd xformOp:orient = (0.7071067691, -0.000002556955678, -0.000002556956588, 0.7071067691)
                                double3 xformOp:scale = (0.000999987009, 0.000999987009, 0.000999987009)
                                double3 xformOp:translate = (0.00667977985, -0.00009829280316, 0.07680012286)
                                uniform token[] xformOpOrder = ["xformOp:translate", "xformOp:orient", "xformOp:scale"]
                            }

                            def Xform "tn__object_1164_XH" (
                                displayName = "object_1.164"
                                instanceable = true
                                prepend references = @./instances.usda@</Instances/tn__object_1164_XH_1>
                            )
                            {
                                quatd xformOp:orient = (0.7071067691, -0.000002556955678, -0.000002556956588, 0.7071067691)
                                double3 xformOp:scale = (0.000999987009, 0.000999987009, 0.000999987009)
                                double3 xformOp:translate = (0.00667977985, -0.00009829280316, 0.07680012286)
                                uniform token[] xformOpOrder = ["xformOp:translate", "xformOp:orient", "xformOp:scale"]
                            }

                            def Xform "tn__object_1165_XH" (
                                displayName = "object_1.165"
                                instanceable = true
                                prepend references = @./instances.usda@</Instances/tn__object_1165_XH_1>
                            )
                            {
                                quatd xformOp:orient = (0.7071067691, -0.000002556955678, -0.000002556956588, 0.7071067691)
                                double3 xformOp:scale = (0.000999987009, 0.000999987009, 0.000999987009)
                                double3 xformOp:translate = (0.00667977985, -0.00009829280316, 0.07680012286)
                                uniform token[] xformOpOrder = ["xformOp:translate", "xformOp:orient", "xformOp:scale"]
                            }

                            def Xform "tn__object_1166_XH" (
                                displayName = "object_1.166"
                                instanceable = true
                                prepend references = @./instances.usda@</Instances/tn__object_1166_XH_1>
                            )
                            {
                                quatd xformOp:orient = (0.7071067691, -0.000002556955678, -0.000002556956588, 0.7071067691)
                                double3 xformOp:scale = (0.000999987009, 0.000999987009, 0.000999987009)
                                double3 xformOp:translate = (0.00667977985, -0.00009829280316, 0.07680012286)
                                uniform token[] xformOpOrder = ["xformOp:translate", "xformOp:orient", "xformOp:scale"]
                            }

                            def Xform "tn__Circle016_WE" (
                                displayName = "Circle.016"
                                instanceable = true
                                prepend references = @./instances.usda@</Instances/tn__Circle016_WE_2>
                            )
                            {
                                quatd xformOp:orient = (0.7071067691, 0.7071067691, 0, 0)
                                double3 xformOp:scale = (0.002749965061, 0.002749965061, 0.008249893785)
                                double3 xformOp:translate = (0.03050190024, -0.01608934999, 0.1548046023)
                                uniform token[] xformOpOrder = ["xformOp:translate", "xformOp:orient", "xformOp:scale"]
                            }

                            def Xform "tn__Circle015_WE" (
                                displayName = "Circle.015"
                                instanceable = true
                                prepend references = @./instances.usda@</Instances/tn__Circle016_WE_2>
                            )
                            {
                                quatd xformOp:orient = (0.7071067691, 0.7071067691, 0, 0)
                                double3 xformOp:scale = (0.002749965061, 0.002749965061, 0.008249893785)
                                double3 xformOp:translate = (0.01402776036, -0.01608934067, 0.1273476928)
                                uniform token[] xformOpOrder = ["xformOp:translate", "xformOp:orient", "xformOp:scale"]
                            }

                            def Xform "tn__Circle014_WE" (
                                displayName = "Circle.014"
                                instanceable = true
                                prepend references = @./instances.usda@</Instances/tn__Circle016_WE_2>
                            )
                            {
                                quatd xformOp:orient = (0.7071067691, 0.7071067691, 0, 0)
                                double3 xformOp:scale = (0.002749965061, 0.002749965061, 0.008249893785)
                                double3 xformOp:translate = (0.01402776036, -0.01608934067, 0.1273476928)
                                uniform token[] xformOpOrder = ["xformOp:translate", "xformOp:orient", "xformOp:scale"]
                            }

                            def Xform "tn__Circle013_WE" (
                                displayName = "Circle.013"
                                instanceable = true
                                prepend references = @./instances.usda@</Instances/tn__Circle016_WE_2>
                            )
                            {
                                quatd xformOp:orient = (0.7071067691, 0.7071067691, 0, 0)
                                double3 xformOp:scale = (0.002749965061, 0.002749965061, 0.008249893785)
                                double3 xformOp:translate = (0.04605349153, -0.01608934067, 0.1268139035)
                                uniform token[] xformOpOrder = ["xformOp:translate", "xformOp:orient", "xformOp:scale"]
                            }

                            def Xform "tn__Circle012_WE" (
                                displayName = "Circle.012"
                                instanceable = true
                                prepend references = @./instances.usda@</Instances/tn__Circle016_WE_2>
                            )
                            {
                                quatd xformOp:orient = (0.7071067691, 0.7071067691, 0, 0)
                                double3 xformOp:scale = (0.002749965061, 0.002749965061, 0.008249893785)
                                double3 xformOp:translate = (0.03050190024, 0.02051668987, 0.1548046023)
                                uniform token[] xformOpOrder = ["xformOp:translate", "xformOp:orient", "xformOp:scale"]
                            }

                            def Xform "tn__Circle011_WE" (
                                displayName = "Circle.011"
                                instanceable = true
                                prepend references = @./instances.usda@</Instances/tn__Circle016_WE_2>
                            )
                            {
                                quatd xformOp:orient = (0.7071067691, 0.7071067691, 0, 0)
                                double3 xformOp:scale = (0.002749965061, 0.002749965061, 0.008249893785)
                                double3 xformOp:translate = (0.01402776036, 0.02051669918, 0.1273476928)
                                uniform token[] xformOpOrder = ["xformOp:translate", "xformOp:orient", "xformOp:scale"]
                            }

                            def Xform "tn__Circle010_WE" (
                                displayName = "Circle.010"
                                instanceable = true
                                prepend references = @./instances.usda@</Instances/tn__Circle016_WE_2>
                            )
                            {
                                quatd xformOp:orient = (0.7071067691, 0.7071067691, 0, 0)
                                double3 xformOp:scale = (0.002749965061, 0.002749965061, 0.008249893785)
                                double3 xformOp:translate = (0.04605349153, 0.02051669918, 0.1268139035)
                                uniform token[] xformOpOrder = ["xformOp:translate", "xformOp:orient", "xformOp:scale"]
                            }
                        }
                    }

                    def Xform "magicianLink1_1" (
                        displayName = "magicianLink1"
                    )
                    {
                        uniform token purpose = "guide"
                        quatf xformOp:orient = (1, 0, 0, 0)
                        float3 xformOp:scale = (1, 1, 1)
                        double3 xformOp:translate = (0, 0, 0)
                        uniform token[] xformOpOrder = ["xformOp:translate", "xformOp:orient", "xformOp:scale"]

                        def Xform "tn__Circle002_WE" (
                            displayName = "Circle.002"
                            instanceable = true
                            prepend references = @./instances.usda@</Instances/tn__Circle002_WE_1>
                        )
                        {
                            quatd xformOp:orient = (0.7071067691, 0.7071067691, 0, 0)
                            double3 xformOp:scale = (0.0109999897, 0.0109999897, 0.0109999897)
                            double3 xformOp:translate = (-0.00005130600039, 0.0249013491, -0.0001798209996)
                            uniform token[] xformOpOrder = ["xformOp:translate", "xformOp:orient", "xformOp:scale"]
                        }

                        def Xform "tn__object_2002_XH" (
                            displayName = "object_2.002"
                            instanceable = true
                            prepend references = @./instances.usda@</Instances/tn__object_2002_XH_1>
                        )
                        {
                            quatd xformOp:orient = (0.7071067691, -0.000002556955906, -0.00000255695636, 0.7071067691)
                            double3 xformOp:scale = (0.000999987009, 0.000999987009, 0.000999987009)
                            double3 xformOp:translate = (-0.006590805948, -0.0000982890997, -0.02498593926)
                            uniform token[] xformOpOrder = ["xformOp:translate", "xformOp:orient", "xformOp:scale"]
                        }

                        def Xform "tn__object_2001_XH" (
                            displayName = "object_2.001"
                            instanceable = true
                            prepend references = @./instances.usda@</Instances/tn__object_2001_XH_1>
                        )
                        {
                            quatd xformOp:orient = (0.7071067691, -0.000002556955906, -0.00000255695636, 0.7071067691)
                            double3 xformOp:scale = (0.000999987009, 0.000999987009, 0.000999987009)
                            double3 xformOp:translate = (-0.006590805948, -0.0000982890997, -0.02498593926)
                            uniform token[] xformOpOrder = ["xformOp:translate", "xformOp:orient", "xformOp:scale"]
                        }

                        def Xform "tn__object_2003_XH" (
                            displayName = "object_2.003"
                            instanceable = true
                            prepend references = @./instances.usda@</Instances/tn__object_2003_XH_1>
                        )
                        {
                            quatd xformOp:orient = (0.7071067691, -0.000002556955906, -0.00000255695636, 0.7071067691)
                            double3 xformOp:scale = (0.000999987009, 0.000999987009, 0.000999987009)
                            double3 xformOp:translate = (-0.006590805948, -0.0000982890997, -0.02498593926)
                            uniform token[] xformOpOrder = ["xformOp:translate", "xformOp:orient", "xformOp:scale"]
                        }

                        def Xform "tn__object_2004_XH" (
                            displayName = "object_2.004"
                            instanceable = true
                            prepend references = @./instances.usda@</Instances/tn__object_2004_XH_1>
                        )
                        {
                            quatd xformOp:orient = (0.7071067691, -0.000002556955906, -0.00000255695636, 0.7071067691)
                            double3 xformOp:scale = (0.000999987009, 0.000999987009, 0.000999987009)
                            double3 xformOp:translate = (-0.006590805948, -0.0000982890997, -0.02498593926)
                            uniform token[] xformOpOrder = ["xformOp:translate", "xformOp:orient", "xformOp:scale"]
                        }

                        def Xform "tn__object_2005_XH" (
                            displayName = "object_2.005"
                            instanceable = true
                            prepend references = @./instances.usda@</Instances/tn__object_2005_XH_1>
                        )
                        {
                            quatd xformOp:orient = (0.7071067691, -0.000002556955906, -0.00000255695636, 0.7071067691)
                            double3 xformOp:scale = (0.000999987009, 0.000999987009, 0.000999987009)
                            double3 xformOp:translate = (-0.006590805948, -0.0000982890997, -0.02498593926)
                            uniform token[] xformOpOrder = ["xformOp:translate", "xformOp:orient", "xformOp:scale"]
                        }

                        def Xform "tn__object_2006_XH" (
                            displayName = "object_2.006"
                            instanceable = true
                            prepend references = @./instances.usda@</Instances/tn__object_2006_XH_1>
                        )
                        {
                            quatd xformOp:orient = (0.7071067691, -0.000002556955906, -0.00000255695636, 0.7071067691)
                            double3 xformOp:scale = (0.000999987009, 0.000999987009, 0.000999987009)
                            double3 xformOp:translate = (-0.006590805948, -0.0000982890997, -0.02498593926)
                            uniform token[] xformOpOrder = ["xformOp:translate", "xformOp:orient", "xformOp:scale"]
                        }

                        def Xform "tn__object_2007_XH" (
                            displayName = "object_2.007"
                            instanceable = true
                            prepend references = @./instances.usda@</Instances/tn__object_2007_XH_1>
                        )
                        {
                            quatd xformOp:orient = (0.7071067691, -0.000002556955906, -0.00000255695636, 0.7071067691)
                            double3 xformOp:scale = (0.000999987009, 0.000999987009, 0.000999987009)
                            double3 xformOp:translate = (-0.006590805948, -0.0000982890997, -0.02498593926)
                            uniform token[] xformOpOrder = ["xformOp:translate", "xformOp:orient", "xformOp:scale"]
                        }

                        def Xform "tn__object_2008_XH" (
                            displayName = "object_2.008"
                            instanceable = true
                            prepend references = @./instances.usda@</Instances/tn__object_2008_XH_1>
                        )
                        {
                            quatd xformOp:orient = (0.7071067691, -0.000002556955906, -0.00000255695636, 0.7071067691)
                            double3 xformOp:scale = (0.000999987009, 0.000999987009, 0.000999987009)
                            double3 xformOp:translate = (-0.006590805948, -0.0000982890997, -0.02498593926)
                            uniform token[] xformOpOrder = ["xformOp:translate", "xformOp:orient", "xformOp:scale"]
                        }

                        def Xform "tn__object_2009_XH" (
                            displayName = "object_2.009"
                            instanceable = true
                            prepend references = @./instances.usda@</Instances/tn__object_2009_XH_1>
                        )
                        {
                            quatd xformOp:orient = (0.7071067691, -0.000002556955906, -0.00000255695636, 0.7071067691)
                            double3 xformOp:scale = (0.000999987009, 0.000999987009, 0.000999987009)
                            double3 xformOp:translate = (-0.006590805948, -0.0000982890997, -0.02498593926)
                            uniform token[] xformOpOrder = ["xformOp:translate", "xformOp:orient", "xformOp:scale"]
                        }

                        def Xform "tn__object_2010_XH" (
                            displayName = "object_2.010"
                            instanceable = true
                            prepend references = @./instances.usda@</Instances/tn__object_2010_XH_1>
                        )
                        {
                            quatd xformOp:orient = (0.7071067691, -0.000002556955906, -0.00000255695636, 0.7071067691)
                            double3 xformOp:scale = (0.000999987009, 0.000999987009, 0.000999987009)
                            double3 xformOp:translate = (-0.006590805948, -0.0000982890997, -0.02498593926)
                            uniform token[] xformOpOrder = ["xformOp:translate", "xformOp:orient", "xformOp:scale"]
                        }

                        def Xform "tn__object_2011_XH" (
                            displayName = "object_2.011"
                            instanceable = true
                            prepend references = @./instances.usda@</Instances/tn__object_2011_XH_1>
                        )
                        {
                            quatd xformOp:orient = (0.7071067691, -0.000002556955906, -0.00000255695636, 0.7071067691)
                            double3 xformOp:scale = (0.000999987009, 0.000999987009, 0.000999987009)
                            double3 xformOp:translate = (-0.006590805948, -0.0000982890997, -0.02498593926)
                            uniform token[] xformOpOrder = ["xformOp:translate", "xformOp:orient", "xformOp:scale"]
                        }

                        def Xform "tn__object_2012_XH" (
                            displayName = "object_2.012"
                            instanceable = true
                            prepend references = @./instances.usda@</Instances/tn__object_2012_XH_1>
                        )
                        {
                            quatd xformOp:orient = (0.7071067691, -0.000002556955906, -0.00000255695636, 0.7071067691)
                            double3 xformOp:scale = (0.000999987009, 0.000999987009, 0.000999987009)
                            double3 xformOp:translate = (-0.006590805948, -0.0000982890997, -0.02498593926)
                            uniform token[] xformOpOrder = ["xformOp:translate", "xformOp:orient", "xformOp:scale"]
                        }

                        def Xform "tn__object_2013_XH" (
                            displayName = "object_2.013"
                            instanceable = true
                            prepend references = @./instances.usda@</Instances/tn__object_2013_XH_1>
                        )
                        {
                            quatd xformOp:orient = (0.7071067691, -0.000002556955906, -0.00000255695636, 0.7071067691)
                            double3 xformOp:scale = (0.000999987009, 0.000999987009, 0.000999987009)
                            double3 xformOp:translate = (-0.006590805948, -0.0000982890997, -0.02498593926)
                            uniform token[] xformOpOrder = ["xformOp:translate", "xformOp:orient", "xformOp:scale"]
                        }

                        def Xform "tn__object_2014_XH" (
                            displayName = "object_2.014"
                            instanceable = true
                            prepend references = @./instances.usda@</Instances/tn__object_2014_XH_1>
                        )
                        {
                            quatd xformOp:orient = (0.7071067691, -0.000002556955906, -0.00000255695636, 0.7071067691)
                            double3 xformOp:scale = (0.000999987009, 0.000999987009, 0.000999987009)
                            double3 xformOp:translate = (-0.006590805948, -0.0000982890997, -0.02498593926)
                            uniform token[] xformOpOrder = ["xformOp:translate", "xformOp:orient", "xformOp:scale"]
                        }

                        def Xform "tn__object_2015_XH" (
                            displayName = "object_2.015"
                            instanceable = true
                            prepend references = @./instances.usda@</Instances/tn__object_2015_XH_1>
                        )
                        {
                            quatd xformOp:orient = (0.7071067691, -0.000002556955906, -0.00000255695636, 0.7071067691)
                            double3 xformOp:scale = (0.000999987009, 0.000999987009, 0.000999987009)
                            double3 xformOp:translate = (-0.006590805948, -0.0000982890997, -0.02498593926)
                            uniform token[] xformOpOrder = ["xformOp:translate", "xformOp:orient", "xformOp:scale"]
                        }

                        def Xform "tn__object_2016_XH" (
                            displayName = "object_2.016"
                            instanceable = true
                            prepend references = @./instances.usda@</Instances/tn__object_2016_XH_1>
                        )
                        {
                            quatd xformOp:orient = (0.7071067691, -0.000002556955906, -0.00000255695636, 0.7071067691)
                            double3 xformOp:scale = (0.000999987009, 0.000999987009, 0.000999987009)
                            double3 xformOp:translate = (-0.006590805948, -0.0000982890997, -0.02498593926)
                            uniform token[] xformOpOrder = ["xformOp:translate", "xformOp:orient", "xformOp:scale"]
                        }

                        def Xform "tn__object_2017_XH" (
                            displayName = "object_2.017"
                            instanceable = true
                            prepend references = @./instances.usda@</Instances/tn__object_2017_XH_1>
                        )
                        {
                            quatd xformOp:orient = (0.7071067691, -0.000002556955906, -0.00000255695636, 0.7071067691)
                            double3 xformOp:scale = (0.000999987009, 0.000999987009, 0.000999987009)
                            double3 xformOp:translate = (-0.006590805948, -0.0000982890997, -0.02498593926)
                            uniform token[] xformOpOrder = ["xformOp:translate", "xformOp:orient", "xformOp:scale"]
                        }

                        def Xform "tn__object_2018_XH" (
                            displayName = "object_2.018"
                            instanceable = true
                            prepend references = @./instances.usda@</Instances/tn__object_2018_XH_1>
                        )
                        {
                            quatd xformOp:orient = (0.7071067691, -0.000002556955906, -0.00000255695636, 0.7071067691)
                            double3 xformOp:scale = (0.000999987009, 0.000999987009, 0.000999987009)
                            double3 xformOp:translate = (-0.006590805948, -0.0000982890997, -0.02498593926)
                            uniform token[] xformOpOrder = ["xformOp:translate", "xformOp:orient", "xformOp:scale"]
                        }

                        def Xform "tn__object_2019_XH" (
                            displayName = "object_2.019"
                            instanceable = true
                            prepend references = @./instances.usda@</Instances/tn__object_2019_XH_1>
                        )
                        {
                            quatd xformOp:orient = (0.7071067691, -0.000002556955906, -0.00000255695636, 0.7071067691)
                            double3 xformOp:scale = (0.000999987009, 0.000999987009, 0.000999987009)
                            double3 xformOp:translate = (-0.006590805948, -0.0000982890997, -0.02498593926)
                            uniform token[] xformOpOrder = ["xformOp:translate", "xformOp:orient", "xformOp:scale"]
                        }

                        def Xform "tn__object_2020_XH" (
                            displayName = "object_2.020"
                            instanceable = true
                            prepend references = @./instances.usda@</Instances/tn__object_2020_XH_1>
                        )
                        {
                            quatd xformOp:orient = (0.7071067691, -0.000002556955906, -0.00000255695636, 0.7071067691)
                            double3 xformOp:scale = (0.000999987009, 0.000999987009, 0.000999987009)
                            double3 xformOp:translate = (-0.006590805948, -0.0000982890997, -0.02498593926)
                            uniform token[] xformOpOrder = ["xformOp:translate", "xformOp:orient", "xformOp:scale"]
                        }

                        def Xform "tn__object_2021_XH" (
                            displayName = "object_2.021"
                            instanceable = true
                            prepend references = @./instances.usda@</Instances/tn__object_2021_XH_1>
                        )
                        {
                            quatd xformOp:orient = (0.7071067691, -0.000002556955906, -0.00000255695636, 0.7071067691)
                            double3 xformOp:scale = (0.000999987009, 0.000999987009, 0.000999987009)
                            double3 xformOp:translate = (-0.006590805948, -0.0000982890997, -0.02498593926)
                            uniform token[] xformOpOrder = ["xformOp:translate", "xformOp:orient", "xformOp:scale"]
                        }

                        def Xform "tn__object_2022_XH" (
                            displayName = "object_2.022"
                            instanceable = true
                            prepend references = @./instances.usda@</Instances/tn__object_2022_XH_1>
                        )
                        {
                            quatd xformOp:orient = (0.7071067691, -0.000002556955906, -0.00000255695636, 0.7071067691)
                            double3 xformOp:scale = (0.000999987009, 0.000999987009, 0.000999987009)
                            double3 xformOp:translate = (-0.006590805948, -0.0000982890997, -0.02498593926)
                            uniform token[] xformOpOrder = ["xformOp:translate", "xformOp:orient", "xformOp:scale"]
                        }

                        def Xform "tn__object_2023_XH" (
                            displayName = "object_2.023"
                            instanceable = true
                            prepend references = @./instances.usda@</Instances/tn__object_2023_XH_1>
                        )
                        {
                            quatd xformOp:orient = (0.7071067691, -0.000002556955906, -0.00000255695636, 0.7071067691)
                            double3 xformOp:scale = (0.000999987009, 0.000999987009, 0.000999987009)
                            double3 xformOp:translate = (-0.006590805948, -0.0000982890997, -0.02498593926)
                            uniform token[] xformOpOrder = ["xformOp:translate", "xformOp:orient", "xformOp:scale"]
                        }

                        def Xform "tn__object_2024_XH" (
                            displayName = "object_2.024"
                            instanceable = true
                            prepend references = @./instances.usda@</Instances/tn__object_2024_XH_1>
                        )
                        {
                            quatd xformOp:orient = (0.7071067691, -0.000002556955906, -0.00000255695636, 0.7071067691)
                            double3 xformOp:scale = (0.000999987009, 0.000999987009, 0.000999987009)
                            double3 xformOp:translate = (-0.006590805948, -0.0000982890997, -0.02498593926)
                            uniform token[] xformOpOrder = ["xformOp:translate", "xformOp:orient", "xformOp:scale"]
                        }

                        def Xform "tn__object_2025_XH" (
                            displayName = "object_2.025"
                            instanceable = true
                            prepend references = @./instances.usda@</Instances/tn__object_2025_XH_1>
                        )
                        {
                            quatd xformOp:orient = (0.7071067691, -0.000002556955906, -0.00000255695636, 0.7071067691)
                            double3 xformOp:scale = (0.000999987009, 0.000999987009, 0.000999987009)
                            double3 xformOp:translate = (-0.006590805948, -0.0000982890997, -0.02498593926)
                            uniform token[] xformOpOrder = ["xformOp:translate", "xformOp:orient", "xformOp:scale"]
                        }

                        def Xform "tn__object_2026_XH" (
                            displayName = "object_2.026"
                            instanceable = true
                            prepend references = @./instances.usda@</Instances/tn__object_2026_XH_1>
                        )
                        {
                            quatd xformOp:orient = (0.7071067691, -0.000002556955906, -0.00000255695636, 0.7071067691)
                            double3 xformOp:scale = (0.000999987009, 0.000999987009, 0.000999987009)
                            double3 xformOp:translate = (-0.006590805948, -0.0000982890997, -0.02498593926)
                            uniform token[] xformOpOrder = ["xformOp:translate", "xformOp:orient", "xformOp:scale"]
                        }

                        def Xform "tn__object_2027_XH" (
                            displayName = "object_2.027"
                            instanceable = true
                            prepend references = @./instances.usda@</Instances/tn__object_2027_XH_1>
                        )
                        {
                            quatd xformOp:orient = (0.7071067691, -0.000002556955906, -0.00000255695636, 0.7071067691)
                            double3 xformOp:scale = (0.000999987009, 0.000999987009, 0.000999987009)
                            double3 xformOp:translate = (-0.006590805948, -0.0000982890997, -0.02498593926)
                            uniform token[] xformOpOrder = ["xformOp:translate", "xformOp:orient", "xformOp:scale"]
                        }

                        def Xform "tn__object_2028_XH" (
                            displayName = "object_2.028"
                            instanceable = true
                            prepend references = @./instances.usda@</Instances/tn__object_2028_XH_1>
                        )
                        {
                            quatd xformOp:orient = (0.7071067691, -0.000002556955906, -0.00000255695636, 0.7071067691)
                            double3 xformOp:scale = (0.000999987009, 0.000999987009, 0.000999987009)
                            double3 xformOp:translate = (-0.006590805948, -0.0000982890997, -0.02498593926)
                            uniform token[] xformOpOrder = ["xformOp:translate", "xformOp:orient", "xformOp:scale"]
                        }

                        def Xform "tn__object_2029_XH" (
                            displayName = "object_2.029"
                            instanceable = true
                            prepend references = @./instances.usda@</Instances/tn__object_2029_XH_1>
                        )
                        {
                            quatd xformOp:orient = (0.7071067691, -0.000002556955906, -0.00000255695636, 0.7071067691)
                            double3 xformOp:scale = (0.000999987009, 0.000999987009, 0.000999987009)
                            double3 xformOp:translate = (-0.006590805948, -0.0000982890997, -0.02498593926)
                            uniform token[] xformOpOrder = ["xformOp:translate", "xformOp:orient", "xformOp:scale"]
                        }

                        def Xform "tn__object_2030_XH" (
                            displayName = "object_2.030"
                            instanceable = true
                            prepend references = @./instances.usda@</Instances/tn__object_2030_XH_1>
                        )
                        {
                            quatd xformOp:orient = (0.7071067691, -0.000002556955906, -0.00000255695636, 0.7071067691)
                            double3 xformOp:scale = (0.000999987009, 0.000999987009, 0.000999987009)
                            double3 xformOp:translate = (-0.006590805948, -0.0000982890997, -0.02498593926)
                            uniform token[] xformOpOrder = ["xformOp:translate", "xformOp:orient", "xformOp:scale"]
                        }

                        def Xform "tn__object_2031_XH" (
                            displayName = "object_2.031"
                            instanceable = true
                            prepend references = @./instances.usda@</Instances/tn__object_2031_XH_1>
                        )
                        {
                            quatd xformOp:orient = (0.7071067691, -0.000002556955906, -0.00000255695636, 0.7071067691)
                            double3 xformOp:scale = (0.000999987009, 0.000999987009, 0.000999987009)
                            double3 xformOp:translate = (-0.006590805948, -0.0000982890997, -0.02498593926)
                            uniform token[] xformOpOrder = ["xformOp:translate", "xformOp:orient", "xformOp:scale"]
                        }

                        def Xform "tn__object_2032_XH" (
                            displayName = "object_2.032"
                            instanceable = true
                            prepend references = @./instances.usda@</Instances/tn__object_2032_XH_1>
                        )
                        {
                            quatd xformOp:orient = (0.7071067691, -0.000002556955906, -0.00000255695636, 0.7071067691)
                            double3 xformOp:scale = (0.000999987009, 0.000999987009, 0.000999987009)
                            double3 xformOp:translate = (-0.006590805948, -0.0000982890997, -0.02498593926)
                            uniform token[] xformOpOrder = ["xformOp:translate", "xformOp:orient", "xformOp:scale"]
                        }

                        def Xform "tn__object_2033_XH" (
                            displayName = "object_2.033"
                            instanceable = true
                            prepend references = @./instances.usda@</Instances/tn__object_2033_XH_1>
                        )
                        {
                            quatd xformOp:orient = (0.7071067691, -0.000002556955906, -0.00000255695636, 0.7071067691)
                            double3 xformOp:scale = (0.000999987009, 0.000999987009, 0.000999987009)
                            double3 xformOp:translate = (-0.006590805948, -0.0000982890997, -0.02498593926)
                            uniform token[] xformOpOrder = ["xformOp:translate", "xformOp:orient", "xformOp:scale"]
                        }

                        def Xform "tn__object_2034_XH" (
                            displayName = "object_2.034"
                            instanceable = true
                            prepend references = @./instances.usda@</Instances/tn__object_2034_XH_1>
                        )
                        {
                            quatd xformOp:orient = (0.7071067691, -0.000002556955906, -0.00000255695636, 0.7071067691)
                            double3 xformOp:scale = (0.000999987009, 0.000999987009, 0.000999987009)
                            double3 xformOp:translate = (-0.006590805948, -0.0000982890997, -0.02498593926)
                            uniform token[] xformOpOrder = ["xformOp:translate", "xformOp:orient", "xformOp:scale"]
                        }

                        def Xform "tn__object_2035_XH" (
                            displayName = "object_2.035"
                            instanceable = true
                            prepend references = @./instances.usda@</Instances/tn__object_2035_XH_1>
                        )
                        {
                            quatd xformOp:orient = (0.7071067691, -0.000002556955906, -0.00000255695636, 0.7071067691)
                            double3 xformOp:scale = (0.000999987009, 0.000999987009, 0.000999987009)
                            double3 xformOp:translate = (-0.006590805948, -0.0000982890997, -0.02498593926)
                            uniform token[] xformOpOrder = ["xformOp:translate", "xformOp:orient", "xformOp:scale"]
                        }

                        def Xform "tn__object_2036_XH" (
                            displayName = "object_2.036"
                            instanceable = true
                            prepend references = @./instances.usda@</Instances/tn__object_2036_XH_1>
                        )
                        {
                            quatd xformOp:orient = (0.7071067691, -0.000002556955906, -0.00000255695636, 0.7071067691)
                            double3 xformOp:scale = (0.000999987009, 0.000999987009, 0.000999987009)
                            double3 xformOp:translate = (-0.006590805948, -0.0000982890997, -0.02498593926)
                            uniform token[] xformOpOrder = ["xformOp:translate", "xformOp:orient", "xformOp:scale"]
                        }

                        def Xform "tn__object_2037_XH" (
                            displayName = "object_2.037"
                            instanceable = true
                            prepend references = @./instances.usda@</Instances/tn__object_2037_XH_1>
                        )
                        {
                            quatd xformOp:orient = (0.7071067691, -0.000002556955906, -0.00000255695636, 0.7071067691)
                            double3 xformOp:scale = (0.000999987009, 0.000999987009, 0.000999987009)
                            double3 xformOp:translate = (-0.006590805948, -0.0000982890997, -0.02498593926)
                            uniform token[] xformOpOrder = ["xformOp:translate", "xformOp:orient", "xformOp:scale"]
                        }

                        def Xform "tn__object_2038_XH" (
                            displayName = "object_2.038"
                            instanceable = true
                            prepend references = @./instances.usda@</Instances/tn__object_2038_XH_1>
                        )
                        {
                            quatd xformOp:orient = (0.7071067691, -0.000002556955906, -0.00000255695636, 0.7071067691)
                            double3 xformOp:scale = (0.000999987009, 0.000999987009, 0.000999987009)
                            double3 xformOp:translate = (-0.006590805948, -0.0000982890997, -0.02498593926)
                            uniform token[] xformOpOrder = ["xformOp:translate", "xformOp:orient", "xformOp:scale"]
                        }

                        def Xform "tn__object_2039_XH" (
                            displayName = "object_2.039"
                            instanceable = true
                            prepend references = @./instances.usda@</Instances/tn__object_2039_XH_1>
                        )
                        {
                            quatd xformOp:orient = (0.7071067691, -0.000002556955906, -0.00000255695636, 0.7071067691)
                            double3 xformOp:scale = (0.000999987009, 0.000999987009, 0.000999987009)
                            double3 xformOp:translate = (-0.006590805948, -0.0000982890997, -0.02498593926)
                            uniform token[] xformOpOrder = ["xformOp:translate", "xformOp:orient", "xformOp:scale"]
                        }

                        def Xform "tn__object_2040_XH" (
                            displayName = "object_2.040"
                            instanceable = true
                            prepend references = @./instances.usda@</Instances/tn__object_2040_XH_1>
                        )
                        {
                            quatd xformOp:orient = (0.7071067691, -0.000002556955906, -0.00000255695636, 0.7071067691)
                            double3 xformOp:scale = (0.000999987009, 0.000999987009, 0.000999987009)
                            double3 xformOp:translate = (-0.006590805948, -0.0000982890997, -0.02498593926)
                            uniform token[] xformOpOrder = ["xformOp:translate", "xformOp:orient", "xformOp:scale"]
                        }

                        def Xform "tn__object_2041_XH" (
                            displayName = "object_2.041"
                            instanceable = true
                            prepend references = @./instances.usda@</Instances/tn__object_2041_XH_1>
                        )
                        {
                            quatd xformOp:orient = (0.7071067691, -0.000002556955906, -0.00000255695636, 0.7071067691)
                            double3 xformOp:scale = (0.000999987009, 0.000999987009, 0.000999987009)
                            double3 xformOp:translate = (-0.006590805948, -0.0000982890997, -0.02498593926)
                            uniform token[] xformOpOrder = ["xformOp:translate", "xformOp:orient", "xformOp:scale"]
                        }

                        def Xform "tn__object_2042_XH" (
                            displayName = "object_2.042"
                            instanceable = true
                            prepend references = @./instances.usda@</Instances/tn__object_2042_XH_1>
                        )
                        {
                            quatd xformOp:orient = (0.7071067691, -0.000002556955906, -0.00000255695636, 0.7071067691)
                            double3 xformOp:scale = (0.000999987009, 0.000999987009, 0.000999987009)
                            double3 xformOp:translate = (-0.006590805948, -0.0000982890997, -0.02498593926)
                            uniform token[] xformOpOrder = ["xformOp:translate", "xformOp:orient", "xformOp:scale"]
                        }

                        def Xform "tn__object_2043_XH" (
                            displayName = "object_2.043"
                            instanceable = true
                            prepend references = @./instances.usda@</Instances/tn__object_2043_XH_1>
                        )
                        {
                            quatd xformOp:orient = (0.7071067691, -0.000002556955906, -0.00000255695636, 0.7071067691)
                            double3 xformOp:scale = (0.000999987009, 0.000999987009, 0.000999987009)
                            double3 xformOp:translate = (-0.006590805948, -0.0000982890997, -0.02498593926)
                            uniform token[] xformOpOrder = ["xformOp:translate", "xformOp:orient", "xformOp:scale"]
                        }

                        def Xform "tn__object_2044_XH" (
                            displayName = "object_2.044"
                            instanceable = true
                            prepend references = @./instances.usda@</Instances/tn__object_2044_XH_1>
                        )
                        {
                            quatd xformOp:orient = (0.7071067691, -0.000002556955906, -0.00000255695636, 0.7071067691)
                            double3 xformOp:scale = (0.000999987009, 0.000999987009, 0.000999987009)
                            double3 xformOp:translate = (-0.006590805948, -0.0000982890997, -0.02498593926)
                            uniform token[] xformOpOrder = ["xformOp:translate", "xformOp:orient", "xformOp:scale"]
                        }

                        def Xform "tn__object_2045_XH" (
                            displayName = "object_2.045"
                            instanceable = true
                            prepend references = @./instances.usda@</Instances/tn__object_2045_XH_1>
                        )
                        {
                            quatd xformOp:orient = (0.7071067691, -0.000002556955906, -0.00000255695636, 0.7071067691)
                            double3 xformOp:scale = (0.000999987009, 0.000999987009, 0.000999987009)
                            double3 xformOp:translate = (-0.006590805948, -0.0000982890997, -0.02498593926)
                            uniform token[] xformOpOrder = ["xformOp:translate", "xformOp:orient", "xformOp:scale"]
                        }

                        def Xform "tn__object_2046_XH" (
                            displayName = "object_2.046"
                            instanceable = true
                            prepend references = @./instances.usda@</Instances/tn__object_2046_XH_1>
                        )
                        {
                            quatd xformOp:orient = (0.7071067691, -0.000002556955906, -0.00000255695636, 0.7071067691)
                            double3 xformOp:scale = (0.000999987009, 0.000999987009, 0.000999987009)
                            double3 xformOp:translate = (-0.006590805948, -0.0000982890997, -0.02498593926)
                            uniform token[] xformOpOrder = ["xformOp:translate", "xformOp:orient", "xformOp:scale"]
                        }

                        def Xform "tn__object_2047_XH" (
                            displayName = "object_2.047"
                            instanceable = true
                            prepend references = @./instances.usda@</Instances/tn__object_2047_XH_1>
                        )
                        {
                            quatd xformOp:orient = (0.7071067691, -0.000002556955906, -0.00000255695636, 0.7071067691)
                            double3 xformOp:scale = (0.000999987009, 0.000999987009, 0.000999987009)
                            double3 xformOp:translate = (-0.006590805948, -0.0000982890997, -0.02498593926)
                            uniform token[] xformOpOrder = ["xformOp:translate", "xformOp:orient", "xformOp:scale"]
                        }

                        def Xform "tn__object_2048_XH" (
                            displayName = "object_2.048"
                            instanceable = true
                            prepend references = @./instances.usda@</Instances/tn__object_2048_XH_1>
                        )
                        {
                            quatd xformOp:orient = (0.7071067691, -0.000002556955906, -0.00000255695636, 0.7071067691)
                            double3 xformOp:scale = (0.000999987009, 0.000999987009, 0.000999987009)
                            double3 xformOp:translate = (-0.006590805948, -0.0000982890997, -0.02498593926)
                            uniform token[] xformOpOrder = ["xformOp:translate", "xformOp:orient", "xformOp:scale"]
                        }

                        def Xform "tn__object_2049_XH" (
                            displayName = "object_2.049"
                            instanceable = true
                            prepend references = @./instances.usda@</Instances/tn__object_2049_XH_1>
                        )
                        {
                            quatd xformOp:orient = (0.7071067691, -0.000002556955906, -0.00000255695636, 0.7071067691)
                            double3 xformOp:scale = (0.000999987009, 0.000999987009, 0.000999987009)
                            double3 xformOp:translate = (-0.006590805948, -0.0000982890997, -0.02498593926)
                            uniform token[] xformOpOrder = ["xformOp:translate", "xformOp:orient", "xformOp:scale"]
                        }

                        def Xform "tn__object_2050_XH" (
                            displayName = "object_2.050"
                            instanceable = true
                            prepend references = @./instances.usda@</Instances/tn__object_2050_XH_1>
                        )
                        {
                            quatd xformOp:orient = (0.7071067691, -0.000002556955906, -0.00000255695636, 0.7071067691)
                            double3 xformOp:scale = (0.000999987009, 0.000999987009, 0.000999987009)
                            double3 xformOp:translate = (-0.006590805948, -0.0000982890997, -0.02498593926)
                            uniform token[] xformOpOrder = ["xformOp:translate", "xformOp:orient", "xformOp:scale"]
                        }

                        def Xform "tn__object_2051_XH" (
                            displayName = "object_2.051"
                            instanceable = true
                            prepend references = @./instances.usda@</Instances/tn__object_2051_XH_1>
                        )
                        {
                            quatd xformOp:orient = (0.7071067691, -0.000002556955906, -0.00000255695636, 0.7071067691)
                            double3 xformOp:scale = (0.000999987009, 0.000999987009, 0.000999987009)
                            double3 xformOp:translate = (-0.006590805948, -0.0000982890997, -0.02498593926)
                            uniform token[] xformOpOrder = ["xformOp:translate", "xformOp:orient", "xformOp:scale"]
                        }

                        def Xform "tn__object_2052_XH" (
                            displayName = "object_2.052"
                            instanceable = true
                            prepend references = @./instances.usda@</Instances/tn__object_2052_XH_1>
                        )
                        {
                            quatd xformOp:orient = (0.7071067691, -0.000002556955906, -0.00000255695636, 0.7071067691)
                            double3 xformOp:scale = (0.000999987009, 0.000999987009, 0.000999987009)
                            double3 xformOp:translate = (-0.006590805948, -0.0000982890997, -0.02498593926)
                            uniform token[] xformOpOrder = ["xformOp:translate", "xformOp:orient", "xformOp:scale"]
                        }

                        def Xform "tn__object_2053_XH" (
                            displayName = "object_2.053"
                            instanceable = true
                            prepend references = @./instances.usda@</Instances/tn__object_2053_XH_1>
                        )
                        {
                            quatd xformOp:orient = (0.7071067691, -0.000002556955906, -0.00000255695636, 0.7071067691)
                            double3 xformOp:scale = (0.000999987009, 0.000999987009, 0.000999987009)
                            double3 xformOp:translate = (-0.006590805948, -0.0000982890997, -0.02498593926)
                            uniform token[] xformOpOrder = ["xformOp:translate", "xformOp:orient", "xformOp:scale"]
                        }

                        def Xform "tn__object_2054_XH" (
                            displayName = "object_2.054"
                            instanceable = true
                            prepend references = @./instances.usda@</Instances/tn__object_2054_XH_1>
                        )
                        {
                            quatd xformOp:orient = (0.7071067691, -0.000002556955906, -0.00000255695636, 0.7071067691)
                            double3 xformOp:scale = (0.000999987009, 0.000999987009, 0.000999987009)
                            double3 xformOp:translate = (-0.006590805948, -0.0000982890997, -0.02498593926)
                            uniform token[] xformOpOrder = ["xformOp:translate", "xformOp:orient", "xformOp:scale"]
                        }

                        def Xform "tn__object_2055_XH" (
                            displayName = "object_2.055"
                            instanceable = true
                            prepend references = @./instances.usda@</Instances/tn__object_2055_XH_1>
                        )
                        {
                            quatd xformOp:orient = (0.7071067691, -0.000002556955906, -0.00000255695636, 0.7071067691)
                            double3 xformOp:scale = (0.000999987009, 0.000999987009, 0.000999987009)
                            double3 xformOp:translate = (-0.006590805948, -0.0000982890997, -0.02498593926)
                            uniform token[] xformOpOrder = ["xformOp:translate", "xformOp:orient", "xformOp:scale"]
                        }

                        def Xform "tn__object_2056_XH" (
                            displayName = "object_2.056"
                            instanceable = true
                            prepend references = @./instances.usda@</Instances/tn__object_2056_XH_1>
                        )
                        {
                            quatd xformOp:orient = (0.7071067691, -0.000002556955906, -0.00000255695636, 0.7071067691)
                            double3 xformOp:scale = (0.000999987009, 0.000999987009, 0.000999987009)
                            double3 xformOp:translate = (-0.006590805948, -0.0000982890997, -0.02498593926)
                            uniform token[] xformOpOrder = ["xformOp:translate", "xformOp:orient", "xformOp:scale"]
                        }

                        def Xform "tn__object_2057_XH" (
                            displayName = "object_2.057"
                            instanceable = true
                            prepend references = @./instances.usda@</Instances/tn__object_2057_XH_1>
                        )
                        {
                            quatd xformOp:orient = (0.7071067691, -0.000002556955906, -0.00000255695636, 0.7071067691)
                            double3 xformOp:scale = (0.000999987009, 0.000999987009, 0.000999987009)
                            double3 xformOp:translate = (-0.006590805948, -0.0000982890997, -0.02498593926)
                            uniform token[] xformOpOrder = ["xformOp:translate", "xformOp:orient", "xformOp:scale"]
                        }

                        def Xform "tn__object_2058_XH" (
                            displayName = "object_2.058"
                            instanceable = true
                            prepend references = @./instances.usda@</Instances/tn__object_2058_XH_1>
                        )
                        {
                            quatd xformOp:orient = (0.7071067691, -0.000002556955906, -0.00000255695636, 0.7071067691)
                            double3 xformOp:scale = (0.000999987009, 0.000999987009, 0.000999987009)
                            double3 xformOp:translate = (-0.006590805948, -0.0000982890997, -0.02498593926)
                            uniform token[] xformOpOrder = ["xformOp:translate", "xformOp:orient", "xformOp:scale"]
                        }

                        def Xform "tn__object_2059_XH" (
                            displayName = "object_2.059"
                            instanceable = true
                            prepend references = @./instances.usda@</Instances/tn__object_2059_XH_1>
                        )
                        {
                            quatd xformOp:orient = (0.7071067691, -0.000002556955906, -0.00000255695636, 0.7071067691)
                            double3 xformOp:scale = (0.000999987009, 0.000999987009, 0.000999987009)
                            double3 xformOp:translate = (-0.006590805948, -0.0000982890997, -0.02498593926)
                            uniform token[] xformOpOrder = ["xformOp:translate", "xformOp:orient", "xformOp:scale"]
                        }

                        def Xform "tn__object_2060_XH" (
                            displayName = "object_2.060"
                            instanceable = true
                            prepend references = @./instances.usda@</Instances/tn__object_2060_XH_1>
                        )
                        {
                            quatd xformOp:orient = (0.7071067691, -0.000002556955906, -0.00000255695636, 0.7071067691)
                            double3 xformOp:scale = (0.000999987009, 0.000999987009, 0.000999987009)
                            double3 xformOp:translate = (-0.006590805948, -0.0000982890997, -0.02498593926)
                            uniform token[] xformOpOrder = ["xformOp:translate", "xformOp:orient", "xformOp:scale"]
                        }

                        def Xform "tn__object_2061_XH" (
                            displayName = "object_2.061"
                            instanceable = true
                            prepend references = @./instances.usda@</Instances/tn__object_2061_XH_1>
                        )
                        {
                            quatd xformOp:orient = (0.7071067691, -0.000002556955906, -0.00000255695636, 0.7071067691)
                            double3 xformOp:scale = (0.000999987009, 0.000999987009, 0.000999987009)
                            double3 xformOp:translate = (-0.006590805948, -0.0000982890997, -0.02498593926)
                            uniform token[] xformOpOrder = ["xformOp:translate", "xformOp:orient", "xformOp:scale"]
                        }

                        def Xform "tn__object_2062_XH" (
                            displayName = "object_2.062"
                            instanceable = true
                            prepend references = @./instances.usda@</Instances/tn__object_2062_XH_1>
                        )
                        {
                            quatd xformOp:orient = (0.7071067691, -0.000002556955906, -0.00000255695636, 0.7071067691)
                            double3 xformOp:scale = (0.000999987009, 0.000999987009, 0.000999987009)
                            double3 xformOp:translate = (-0.006590805948, -0.0000982890997, -0.02498593926)
                            uniform token[] xformOpOrder = ["xformOp:translate", "xformOp:orient", "xformOp:scale"]
                        }

                        def Xform "tn__object_2063_XH" (
                            displayName = "object_2.063"
                            instanceable = true
                            prepend references = @./instances.usda@</Instances/tn__object_2063_XH_1>
                        )
                        {
                            quatd xformOp:orient = (0.7071067691, -0.000002556955906, -0.00000255695636, 0.7071067691)
                            double3 xformOp:scale = (0.000999987009, 0.000999987009, 0.000999987009)
                            double3 xformOp:translate = (-0.006590805948, -0.0000982890997, -0.02498593926)
                            uniform token[] xformOpOrder = ["xformOp:translate", "xformOp:orient", "xformOp:scale"]
                        }

                        def Xform "tn__object_2064_XH" (
                            displayName = "object_2.064"
                            instanceable = true
                            prepend references = @./instances.usda@</Instances/tn__object_2064_XH_1>
                        )
                        {
                            quatd xformOp:orient = (0.7071067691, -0.000002556955906, -0.00000255695636, 0.7071067691)
                            double3 xformOp:scale = (0.000999987009, 0.000999987009, 0.000999987009)
                            double3 xformOp:translate = (-0.006590805948, -0.0000982890997, -0.02498593926)
                            uniform token[] xformOpOrder = ["xformOp:translate", "xformOp:orient", "xformOp:scale"]
                        }

                        def Xform "tn__object_2065_XH" (
                            displayName = "object_2.065"
                            instanceable = true
                            prepend references = @./instances.usda@</Instances/tn__object_2065_XH_1>
                        )
                        {
                            quatd xformOp:orient = (0.7071067691, -0.000002556955906, -0.00000255695636, 0.7071067691)
                            double3 xformOp:scale = (0.000999987009, 0.000999987009, 0.000999987009)
                            double3 xformOp:translate = (-0.006590805948, -0.0000982890997, -0.02498593926)
                            uniform token[] xformOpOrder = ["xformOp:translate", "xformOp:orient", "xformOp:scale"]
                        }

                        def Xform "tn__object_2066_XH" (
                            displayName = "object_2.066"
                            instanceable = true
                            prepend references = @./instances.usda@</Instances/tn__object_2066_XH_1>
                        )
                        {
                            quatd xformOp:orient = (0.7071067691, -0.000002556955906, -0.00000255695636, 0.7071067691)
                            double3 xformOp:scale = (0.000999987009, 0.000999987009, 0.000999987009)
                            double3 xformOp:translate = (-0.006590805948, -0.0000982890997, -0.02498593926)
                            uniform token[] xformOpOrder = ["xformOp:translate", "xformOp:orient", "xformOp:scale"]
                        }

                        def Xform "tn__object_2067_XH" (
                            displayName = "object_2.067"
                            instanceable = true
                            prepend references = @./instances.usda@</Instances/tn__object_2067_XH_1>
                        )
                        {
                            quatd xformOp:orient = (0.7071067691, -0.000002556955906, -0.00000255695636, 0.7071067691)
                            double3 xformOp:scale = (0.000999987009, 0.000999987009, 0.000999987009)
                            double3 xformOp:translate = (-0.006590805948, -0.0000982890997, -0.02498593926)
                            uniform token[] xformOpOrder = ["xformOp:translate", "xformOp:orient", "xformOp:scale"]
                        }

                        def Xform "tn__object_2068_XH" (
                            displayName = "object_2.068"
                            instanceable = true
                            prepend references = @./instances.usda@</Instances/tn__object_2068_XH_1>
                        )
                        {
                            quatd xformOp:orient = (0.7071067691, -0.000002556955906, -0.00000255695636, 0.7071067691)
                            double3 xformOp:scale = (0.000999987009, 0.000999987009, 0.000999987009)
                            double3 xformOp:translate = (-0.006590805948, -0.0000982890997, -0.02498593926)
                            uniform token[] xformOpOrder = ["xformOp:translate", "xformOp:orient", "xformOp:scale"]
                        }

                        def Xform "tn__object_2070_XH" (
                            displayName = "object_2.070"
                            instanceable = true
                            prepend references = @./instances.usda@</Instances/tn__object_2070_XH_1>
                        )
                        {
                            quatd xformOp:orient = (0.7071067691, -0.000002556955906, -0.00000255695636, 0.7071067691)
                            double3 xformOp:scale = (0.000999987009, 0.000999987009, 0.000999987009)
                            double3 xformOp:translate = (-0.006590805948, -0.0000982890997, -0.02498593926)
                            uniform token[] xformOpOrder = ["xformOp:translate", "xformOp:orient", "xformOp:scale"]
                        }

                        def Xform "tn__object_2071_XH" (
                            displayName = "object_2.071"
                            instanceable = true
                            prepend references = @./instances.usda@</Instances/tn__object_2071_XH_1>
                        )
                        {
                            quatd xformOp:orient = (0.7071067691, -0.000002556955906, -0.00000255695636, 0.7071067691)
                            double3 xformOp:scale = (0.000999987009, 0.000999987009, 0.000999987009)
                            double3 xformOp:translate = (-0.006590805948, -0.0000982890997, -0.02498593926)
                            uniform token[] xformOpOrder = ["xformOp:translate", "xformOp:orient", "xformOp:scale"]
                        }

                        def Xform "tn__object_2072_XH" (
                            displayName = "object_2.072"
                            instanceable = true
                            prepend references = @./instances.usda@</Instances/tn__object_2072_XH_1>
                        )
                        {
                            quatd xformOp:orient = (0.7071067691, -0.000002556955906, -0.00000255695636, 0.7071067691)
                            double3 xformOp:scale = (0.000999987009, 0.000999987009, 0.000999987009)
                            double3 xformOp:translate = (-0.006590805948, -0.0000982890997, -0.02498593926)
                            uniform token[] xformOpOrder = ["xformOp:translate", "xformOp:orient", "xformOp:scale"]
                        }

                        def Xform "tn__object_2073_XH" (
                            displayName = "object_2.073"
                            instanceable = true
                            prepend references = @./instances.usda@</Instances/tn__object_2073_XH_1>
                        )
                        {
                            quatd xformOp:orient = (0.7071067691, -0.000002556955906, -0.00000255695636, 0.7071067691)
                            double3 xformOp:scale = (0.000999987009, 0.000999987009, 0.000999987009)
                            double3 xformOp:translate = (-0.006590805948, -0.0000982890997, -0.02498593926)
                            uniform token[] xformOpOrder = ["xformOp:translate", "xformOp:orient", "xformOp:scale"]
                        }

                        def Xform "tn__object_2074_XH" (
                            displayName = "object_2.074"
                            instanceable = true
                            prepend references = @./instances.usda@</Instances/tn__object_2074_XH_1>
                        )
                        {
                            quatd xformOp:orient = (0.7071067691, -0.000002556955906, -0.00000255695636, 0.7071067691)
                            double3 xformOp:scale = (0.000999987009, 0.000999987009, 0.000999987009)
                            double3 xformOp:translate = (-0.006590805948, -0.0000982890997, -0.02498593926)
                            uniform token[] xformOpOrder = ["xformOp:translate", "xformOp:orient", "xformOp:scale"]
                        }

                        def Xform "tn__object_2076_XH" (
                            displayName = "object_2.076"
                            instanceable = true
                            prepend references = @./instances.usda@</Instances/tn__object_2076_XH_1>
                        )
                        {
                            quatd xformOp:orient = (0.7071067691, -0.000002556955906, -0.00000255695636, 0.7071067691)
                            double3 xformOp:scale = (0.000999987009, 0.000999987009, 0.000999987009)
                            double3 xformOp:translate = (-0.006590805948, -0.0000982890997, -0.02498593926)
                            uniform token[] xformOpOrder = ["xformOp:translate", "xformOp:orient", "xformOp:scale"]
                        }

                        def Xform "tn__object_2077_XH" (
                            displayName = "object_2.077"
                            instanceable = true
                            prepend references = @./instances.usda@</Instances/tn__object_2077_XH_1>
                        )
                        {
                            quatd xformOp:orient = (0.7071067691, -0.000002556955906, -0.00000255695636, 0.7071067691)
                            double3 xformOp:scale = (0.000999987009, 0.000999987009, 0.000999987009)
                            double3 xformOp:translate = (-0.006590805948, -0.0000982890997, -0.02498593926)
                            uniform token[] xformOpOrder = ["xformOp:translate", "xformOp:orient", "xformOp:scale"]
                        }

                        def Xform "tn__object_2078_XH" (
                            displayName = "object_2.078"
                            instanceable = true
                            prepend references = @./instances.usda@</Instances/tn__object_2078_XH_1>
                        )
                        {
                            quatd xformOp:orient = (0.7071067691, -0.000002556955906, -0.00000255695636, 0.7071067691)
                            double3 xformOp:scale = (0.000999987009, 0.000999987009, 0.000999987009)
                            double3 xformOp:translate = (-0.006590805948, -0.0000982890997, -0.02498593926)
                            uniform token[] xformOpOrder = ["xformOp:translate", "xformOp:orient", "xformOp:scale"]
                        }

                        def Xform "tn__object_2079_XH" (
                            displayName = "object_2.079"
                            instanceable = true
                            prepend references = @./instances.usda@</Instances/tn__object_2079_XH_1>
                        )
                        {
                            quatd xformOp:orient = (0.7071067691, -0.000002556955906, -0.00000255695636, 0.7071067691)
                            double3 xformOp:scale = (0.000999987009, 0.000999987009, 0.000999987009)
                            double3 xformOp:translate = (-0.006590805948, -0.0000982890997, -0.02498593926)
                            uniform token[] xformOpOrder = ["xformOp:translate", "xformOp:orient", "xformOp:scale"]
                        }

                        def Xform "tn__object_2080_XH" (
                            displayName = "object_2.080"
                            instanceable = true
                            prepend references = @./instances.usda@</Instances/tn__object_2080_XH_1>
                        )
                        {
                            quatd xformOp:orient = (0.7071067691, -0.000002556955906, -0.00000255695636, 0.7071067691)
                            double3 xformOp:scale = (0.000999987009, 0.000999987009, 0.000999987009)
                            double3 xformOp:translate = (-0.006590805948, -0.0000982890997, -0.02498593926)
                            uniform token[] xformOpOrder = ["xformOp:translate", "xformOp:orient", "xformOp:scale"]
                        }

                        def Xform "tn__object_2081_XH" (
                            displayName = "object_2.081"
                            instanceable = true
                            prepend references = @./instances.usda@</Instances/tn__object_2081_XH_1>
                        )
                        {
                            quatd xformOp:orient = (0.7071067691, -0.000002556955906, -0.00000255695636, 0.7071067691)
                            double3 xformOp:scale = (0.000999987009, 0.000999987009, 0.000999987009)
                            double3 xformOp:translate = (-0.006590805948, -0.0000982890997, -0.02498593926)
                            uniform token[] xformOpOrder = ["xformOp:translate", "xformOp:orient", "xformOp:scale"]
                        }

                        def Xform "tn__object_2082_XH" (
                            displayName = "object_2.082"
                            instanceable = true
                            prepend references = @./instances.usda@</Instances/tn__object_2082_XH_1>
                        )
                        {
                            quatd xformOp:orient = (0.7071067691, -0.000002556955906, -0.00000255695636, 0.7071067691)
                            double3 xformOp:scale = (0.000999987009, 0.000999987009, 0.000999987009)
                            double3 xformOp:translate = (-0.006590805948, -0.0000982890997, -0.02498593926)
                            uniform token[] xformOpOrder = ["xformOp:translate", "xformOp:orient", "xformOp:scale"]
                        }

                        def Xform "tn__object_2083_XH" (
                            displayName = "object_2.083"
                            instanceable = true
                            prepend references = @./instances.usda@</Instances/tn__object_2083_XH_1>
                        )
                        {
                            quatd xformOp:orient = (0.7071067691, -0.000002556955906, -0.00000255695636, 0.7071067691)
                            double3 xformOp:scale = (0.000999987009, 0.000999987009, 0.000999987009)
                            double3 xformOp:translate = (-0.006590805948, -0.0000982890997, -0.02498593926)
                            uniform token[] xformOpOrder = ["xformOp:translate", "xformOp:orient", "xformOp:scale"]
                        }

                        def Xform "tn__object_2084_XH" (
                            displayName = "object_2.084"
                            instanceable = true
                            prepend references = @./instances.usda@</Instances/tn__object_2084_XH_1>
                        )
                        {
                            quatd xformOp:orient = (0.7071067691, -0.000002556955906, -0.00000255695636, 0.7071067691)
                            double3 xformOp:scale = (0.000999987009, 0.000999987009, 0.000999987009)
                            double3 xformOp:translate = (-0.006590805948, -0.0000982890997, -0.02498593926)
                            uniform token[] xformOpOrder = ["xformOp:translate", "xformOp:orient", "xformOp:scale"]
                        }

                        def Xform "tn__object_2085_XH" (
                            displayName = "object_2.085"
                            instanceable = true
                            prepend references = @./instances.usda@</Instances/tn__object_2085_XH_1>
                        )
                        {
                            quatd xformOp:orient = (0.7071067691, -0.000002556955906, -0.00000255695636, 0.7071067691)
                            double3 xformOp:scale = (0.000999987009, 0.000999987009, 0.000999987009)
                            double3 xformOp:translate = (-0.006590805948, -0.0000982890997, -0.02498593926)
                            uniform token[] xformOpOrder = ["xformOp:translate", "xformOp:orient", "xformOp:scale"]
                        }

                        def Xform "tn__object_2086_XH" (
                            displayName = "object_2.086"
                            instanceable = true
                            prepend references = @./instances.usda@</Instances/tn__object_2086_XH_1>
                        )
                        {
                            quatd xformOp:orient = (0.7071067691, -0.000002556955906, -0.00000255695636, 0.7071067691)
                            double3 xformOp:scale = (0.000999987009, 0.000999987009, 0.000999987009)
                            double3 xformOp:translate = (-0.006590805948, -0.0000982890997, -0.02498593926)
                            uniform token[] xformOpOrder = ["xformOp:translate", "xformOp:orient", "xformOp:scale"]
                        }

                        def Xform "tn__object_2087_XH" (
                            displayName = "object_2.087"
                            instanceable = true
                            prepend references = @./instances.usda@</Instances/tn__object_2087_XH_1>
                        )
                        {
                            quatd xformOp:orient = (0.7071067691, -0.000002556955906, -0.00000255695636, 0.7071067691)
                            double3 xformOp:scale = (0.000999987009, 0.000999987009, 0.000999987009)
                            double3 xformOp:translate = (-0.006590805948, -0.0000982890997, -0.02498593926)
                            uniform token[] xformOpOrder = ["xformOp:translate", "xformOp:orient", "xformOp:scale"]
                        }

                        def Xform "tn__object_2088_XH" (
                            displayName = "object_2.088"
                            instanceable = true
                            prepend references = @./instances.usda@</Instances/tn__object_2088_XH_1>
                        )
                        {
                            quatd xformOp:orient = (0.7071067691, -0.000002556955906, -0.00000255695636, 0.7071067691)
                            double3 xformOp:scale = (0.000999987009, 0.000999987009, 0.000999987009)
                            double3 xformOp:translate = (-0.006590805948, -0.0000982890997, -0.02498593926)
                            uniform token[] xformOpOrder = ["xformOp:translate", "xformOp:orient", "xformOp:scale"]
                        }

                        def Xform "tn__object_2089_XH" (
                            displayName = "object_2.089"
                            instanceable = true
                            prepend references = @./instances.usda@</Instances/tn__object_2089_XH_1>
                        )
                        {
                            quatd xformOp:orient = (0.7071067691, -0.000002556955906, -0.00000255695636, 0.7071067691)
                            double3 xformOp:scale = (0.000999987009, 0.000999987009, 0.000999987009)
                            double3 xformOp:translate = (-0.006590805948, -0.0000982890997, -0.02498593926)
                            uniform token[] xformOpOrder = ["xformOp:translate", "xformOp:orient", "xformOp:scale"]
                        }

                        def Xform "tn__object_2090_XH" (
                            displayName = "object_2.090"
                            instanceable = true
                            prepend references = @./instances.usda@</Instances/tn__object_2090_XH_1>
                        )
                        {
                            quatd xformOp:orient = (0.7071067691, -0.000002556955906, -0.00000255695636, 0.7071067691)
                            double3 xformOp:scale = (0.000999987009, 0.000999987009, 0.000999987009)
                            double3 xformOp:translate = (-0.006590805948, -0.0000982890997, -0.02498593926)
                            uniform token[] xformOpOrder = ["xformOp:translate", "xformOp:orient", "xformOp:scale"]
                        }

                        def Xform "tn__object_2091_XH" (
                            displayName = "object_2.091"
                            instanceable = true
                            prepend references = @./instances.usda@</Instances/tn__object_2091_XH_1>
                        )
                        {
                            quatd xformOp:orient = (0.7071067691, -0.000002556955906, -0.00000255695636, 0.7071067691)
                            double3 xformOp:scale = (0.000999987009, 0.000999987009, 0.000999987009)
                            double3 xformOp:translate = (-0.006590805948, -0.0000982890997, -0.02498593926)
                            uniform token[] xformOpOrder = ["xformOp:translate", "xformOp:orient", "xformOp:scale"]
                        }

                        def Xform "tn__object_2092_XH" (
                            displayName = "object_2.092"
                            instanceable = true
                            prepend references = @./instances.usda@</Instances/tn__object_2092_XH_1>
                        )
                        {
                            quatd xformOp:orient = (0.7071067691, -0.000002556955906, -0.00000255695636, 0.7071067691)
                            double3 xformOp:scale = (0.000999987009, 0.000999987009, 0.000999987009)
                            double3 xformOp:translate = (-0.006590805948, -0.0000982890997, -0.02498593926)
                            uniform token[] xformOpOrder = ["xformOp:translate", "xformOp:orient", "xformOp:scale"]
                        }

                        def Xform "tn__object_2093_XH" (
                            displayName = "object_2.093"
                            instanceable = true
                            prepend references = @./instances.usda@</Instances/tn__object_2093_XH_1>
                        )
                        {
                            quatd xformOp:orient = (0.7071067691, -0.000002556955906, -0.00000255695636, 0.7071067691)
                            double3 xformOp:scale = (0.000999987009, 0.000999987009, 0.000999987009)
                            double3 xformOp:translate = (-0.006590805948, -0.0000982890997, -0.02498593926)
                            uniform token[] xformOpOrder = ["xformOp:translate", "xformOp:orient", "xformOp:scale"]
                        }

                        def Xform "tn__object_2094_XH" (
                            displayName = "object_2.094"
                            instanceable = true
                            prepend references = @./instances.usda@</Instances/tn__object_2094_XH_1>
                        )
                        {
                            quatd xformOp:orient = (0.7071067691, -0.000002556955906, -0.00000255695636, 0.7071067691)
                            double3 xformOp:scale = (0.000999987009, 0.000999987009, 0.000999987009)
                            double3 xformOp:translate = (-0.006590805948, -0.0000982890997, -0.02498593926)
                            uniform token[] xformOpOrder = ["xformOp:translate", "xformOp:orient", "xformOp:scale"]
                        }

                        def Xform "tn__object_2095_XH" (
                            displayName = "object_2.095"
                            instanceable = true
                            prepend references = @./instances.usda@</Instances/tn__object_2095_XH_1>
                        )
                        {
                            quatd xformOp:orient = (0.7071067691, -0.000002556955906, -0.00000255695636, 0.7071067691)
                            double3 xformOp:scale = (0.000999987009, 0.000999987009, 0.000999987009)
                            double3 xformOp:translate = (-0.006590805948, -0.0000982890997, -0.02498593926)
                            uniform token[] xformOpOrder = ["xformOp:translate", "xformOp:orient", "xformOp:scale"]
                        }

                        def Xform "tn__object_2096_XH" (
                            displayName = "object_2.096"
                            instanceable = true
                            prepend references = @./instances.usda@</Instances/tn__object_2096_XH_1>
                        )
                        {
                            quatd xformOp:orient = (0.7071067691, -0.000002556955906, -0.00000255695636, 0.7071067691)
                            double3 xformOp:scale = (0.000999987009, 0.000999987009, 0.000999987009)
                            double3 xformOp:translate = (-0.006590805948, -0.0000982890997, -0.02498593926)
                            uniform token[] xformOpOrder = ["xformOp:translate", "xformOp:orient", "xformOp:scale"]
                        }

                        def Xform "tn__object_2097_XH" (
                            displayName = "object_2.097"
                            instanceable = true
                            prepend references = @./instances.usda@</Instances/tn__object_2097_XH_1>
                        )
                        {
                            quatd xformOp:orient = (0.7071067691, -0.000002556955906, -0.00000255695636, 0.7071067691)
                            double3 xformOp:scale = (0.000999987009, 0.000999987009, 0.000999987009)
                            double3 xformOp:translate = (-0.006590805948, -0.0000982890997, -0.02498593926)
                            uniform token[] xformOpOrder = ["xformOp:translate", "xformOp:orient", "xformOp:scale"]
                        }

                        def Xform "tn__object_2098_XH" (
                            displayName = "object_2.098"
                            instanceable = true
                            prepend references = @./instances.usda@</Instances/tn__object_2098_XH_1>
                        )
                        {
                            quatd xformOp:orient = (0.7071067691, -0.000002556955906, -0.00000255695636, 0.7071067691)
                            double3 xformOp:scale = (0.000999987009, 0.000999987009, 0.000999987009)
                            double3 xformOp:translate = (-0.006590805948, -0.0000982890997, -0.02498593926)
                            uniform token[] xformOpOrder = ["xformOp:translate", "xformOp:orient", "xformOp:scale"]
                        }

                        def Xform "tn__object_2099_XH" (
                            displayName = "object_2.099"
                            instanceable = true
                            prepend references = @./instances.usda@</Instances/tn__object_2099_XH_1>
                        )
                        {
                            quatd xformOp:orient = (0.7071067691, -0.000002556955906, -0.00000255695636, 0.7071067691)
                            double3 xformOp:scale = (0.000999987009, 0.000999987009, 0.000999987009)
                            double3 xformOp:translate = (-0.006590805948, -0.0000982890997, -0.02498593926)
                            uniform token[] xformOpOrder = ["xformOp:translate", "xformOp:orient", "xformOp:scale"]
                        }

                        def Xform "tn__object_2100_XH" (
                            displayName = "object_2.100"
                            instanceable = true
                            prepend references = @./instances.usda@</Instances/tn__object_2100_XH_1>
                        )
                        {
                            quatd xformOp:orient = (0.7071067691, -0.000002556955906, -0.00000255695636, 0.7071067691)
                            double3 xformOp:scale = (0.000999987009, 0.000999987009, 0.000999987009)
                            double3 xformOp:translate = (-0.006590805948, -0.0000982890997, -0.02498593926)
                            uniform token[] xformOpOrder = ["xformOp:translate", "xformOp:orient", "xformOp:scale"]
                        }

                        def Xform "tn__object_2101_XH" (
                            displayName = "object_2.101"
                            instanceable = true
                            prepend references = @./instances.usda@</Instances/tn__object_2101_XH_1>
                        )
                        {
                            quatd xformOp:orient = (0.7071067691, -0.000002556955906, -0.00000255695636, 0.7071067691)
                            double3 xformOp:scale = (0.000999987009, 0.000999987009, 0.000999987009)
                            double3 xformOp:translate = (-0.006590805948, -0.0000982890997, -0.02498593926)
                            uniform token[] xformOpOrder = ["xformOp:translate", "xformOp:orient", "xformOp:scale"]
                        }

                        def Xform "tn__object_2102_XH" (
                            displayName = "object_2.102"
                            instanceable = true
                            prepend references = @./instances.usda@</Instances/tn__object_2102_XH_1>
                        )
                        {
                            quatd xformOp:orient = (0.7071067691, -0.000002556955906, -0.00000255695636, 0.7071067691)
                            double3 xformOp:scale = (0.000999987009, 0.000999987009, 0.000999987009)
                            double3 xformOp:translate = (-0.006590805948, -0.0000982890997, -0.02498593926)
                            uniform token[] xformOpOrder = ["xformOp:translate", "xformOp:orient", "xformOp:scale"]
                        }

                        def Xform "tn__object_2103_XH" (
                            displayName = "object_2.103"
                            instanceable = true
                            prepend references = @./instances.usda@</Instances/tn__object_2103_XH_1>
                        )
                        {
                            quatd xformOp:orient = (0.7071067691, -0.000002556955906, -0.00000255695636, 0.7071067691)
                            double3 xformOp:scale = (0.000999987009, 0.000999987009, 0.000999987009)
                            double3 xformOp:translate = (-0.006590805948, -0.0000982890997, -0.02498593926)
                            uniform token[] xformOpOrder = ["xformOp:translate", "xformOp:orient", "xformOp:scale"]
                        }

                        def Xform "tn__object_2104_XH" (
                            displayName = "object_2.104"
                            instanceable = true
                            prepend references = @./instances.usda@</Instances/tn__object_2104_XH_1>
                        )
                        {
                            quatd xformOp:orient = (0.7071067691, -0.000002556955906, -0.00000255695636, 0.7071067691)
                            double3 xformOp:scale = (0.000999987009, 0.000999987009, 0.000999987009)
                            double3 xformOp:translate = (-0.006590805948, -0.0000982890997, -0.02498593926)
                            uniform token[] xformOpOrder = ["xformOp:translate", "xformOp:orient", "xformOp:scale"]
                        }

                        def Xform "tn__object_2105_XH" (
                            displayName = "object_2.105"
                            instanceable = true
                            prepend references = @./instances.usda@</Instances/tn__object_2105_XH_1>
                        )
                        {
                            quatd xformOp:orient = (0.7071067691, -0.000002556955906, -0.00000255695636, 0.7071067691)
                            double3 xformOp:scale = (0.000999987009, 0.000999987009, 0.000999987009)
                            double3 xformOp:translate = (-0.006590805948, -0.0000982890997, -0.02498593926)
                            uniform token[] xformOpOrder = ["xformOp:translate", "xformOp:orient", "xformOp:scale"]
                        }

                        def Xform "tn__object_2106_XH" (
                            displayName = "object_2.106"
                            instanceable = true
                            prepend references = @./instances.usda@</Instances/tn__object_2106_XH_1>
                        )
                        {
                            quatd xformOp:orient = (0.7071067691, -0.000002556955906, -0.00000255695636, 0.7071067691)
                            double3 xformOp:scale = (0.000999987009, 0.000999987009, 0.000999987009)
                            double3 xformOp:translate = (-0.006590805948, -0.0000982890997, -0.02498593926)
                            uniform token[] xformOpOrder = ["xformOp:translate", "xformOp:orient", "xformOp:scale"]
                        }

                        def Xform "tn__object_2107_XH" (
                            displayName = "object_2.107"
                            instanceable = true
                            prepend references = @./instances.usda@</Instances/tn__object_2107_XH_1>
                        )
                        {
                            quatd xformOp:orient = (0.7071067691, -0.000002556955906, -0.00000255695636, 0.7071067691)
                            double3 xformOp:scale = (0.000999987009, 0.000999987009, 0.000999987009)
                            double3 xformOp:translate = (-0.006590805948, -0.0000982890997, -0.02498593926)
                            uniform token[] xformOpOrder = ["xformOp:translate", "xformOp:orient", "xformOp:scale"]
                        }

                        def Xform "tn__object_2108_XH" (
                            displayName = "object_2.108"
                            instanceable = true
                            prepend references = @./instances.usda@</Instances/tn__object_2108_XH_1>
                        )
                        {
                            quatd xformOp:orient = (0.7071067691, -0.000002556955906, -0.00000255695636, 0.7071067691)
                            double3 xformOp:scale = (0.000999987009, 0.000999987009, 0.000999987009)
                            double3 xformOp:translate = (-0.006590805948, -0.0000982890997, -0.02498593926)
                            uniform token[] xformOpOrder = ["xformOp:translate", "xformOp:orient", "xformOp:scale"]
                        }

                        def Xform "tn__object_2109_XH" (
                            displayName = "object_2.109"
                            instanceable = true
                            prepend references = @./instances.usda@</Instances/tn__object_2109_XH_1>
                        )
                        {
                            quatd xformOp:orient = (0.7071067691, -0.000002556955906, -0.00000255695636, 0.7071067691)
                            double3 xformOp:scale = (0.000999987009, 0.000999987009, 0.000999987009)
                            double3 xformOp:translate = (-0.006590805948, -0.0000982890997, -0.02498593926)
                            uniform token[] xformOpOrder = ["xformOp:translate", "xformOp:orient", "xformOp:scale"]
                        }

                        def Xform "tn__object_2110_XH" (
                            displayName = "object_2.110"
                            instanceable = true
                            prepend references = @./instances.usda@</Instances/tn__object_2110_XH_1>
                        )
                        {
                            quatd xformOp:orient = (0.7071067691, -0.000002556955906, -0.00000255695636, 0.7071067691)
                            double3 xformOp:scale = (0.000999987009, 0.000999987009, 0.000999987009)
                            double3 xformOp:translate = (-0.006590805948, -0.0000982890997, -0.02498593926)
                            uniform token[] xformOpOrder = ["xformOp:translate", "xformOp:orient", "xformOp:scale"]
                        }

                        def Xform "tn__object_2111_XH" (
                            displayName = "object_2.111"
                            instanceable = true
                            prepend references = @./instances.usda@</Instances/tn__object_2111_XH_1>
                        )
                        {
                            quatd xformOp:orient = (0.7071067691, -0.000002556955906, -0.00000255695636, 0.7071067691)
                            double3 xformOp:scale = (0.000999987009, 0.000999987009, 0.000999987009)
                            double3 xformOp:translate = (-0.006590805948, -0.0000982890997, -0.02498593926)
                            uniform token[] xformOpOrder = ["xformOp:translate", "xformOp:orient", "xformOp:scale"]
                        }

                        def Xform "tn__object_2112_XH" (
                            displayName = "object_2.112"
                            instanceable = true
                            prepend references = @./instances.usda@</Instances/tn__object_2112_XH_1>
                        )
                        {
                            quatd xformOp:orient = (0.7071067691, -0.000002556955906, -0.00000255695636, 0.7071067691)
                            double3 xformOp:scale = (0.000999987009, 0.000999987009, 0.000999987009)
                            double3 xformOp:translate = (-0.006590805948, -0.0000982890997, -0.02498593926)
                            uniform token[] xformOpOrder = ["xformOp:translate", "xformOp:orient", "xformOp:scale"]
                        }

                        def Xform "tn__object_2113_XH" (
                            displayName = "object_2.113"
                            instanceable = true
                            prepend references = @./instances.usda@</Instances/tn__object_2113_XH_1>
                        )
                        {
                            quatd xformOp:orient = (0.7071067691, -0.000002556955906, -0.00000255695636, 0.7071067691)
                            double3 xformOp:scale = (0.000999987009, 0.000999987009, 0.000999987009)
                            double3 xformOp:translate = (-0.006590805948, -0.0000982890997, -0.02498593926)
                            uniform token[] xformOpOrder = ["xformOp:translate", "xformOp:orient", "xformOp:scale"]
                        }

                        def Xform "tn__object_2114_XH" (
                            displayName = "object_2.114"
                            instanceable = true
                            prepend references = @./instances.usda@</Instances/tn__object_2114_XH_1>
                        )
                        {
                            quatd xformOp:orient = (0.7071067691, -0.000002556955906, -0.00000255695636, 0.7071067691)
                            double3 xformOp:scale = (0.000999987009, 0.000999987009, 0.000999987009)
                            double3 xformOp:translate = (-0.006590805948, -0.0000982890997, -0.02498593926)
                            uniform token[] xformOpOrder = ["xformOp:translate", "xformOp:orient", "xformOp:scale"]
                        }

                        def Xform "tn__object_2115_XH" (
                            displayName = "object_2.115"
                            instanceable = true
                            prepend references = @./instances.usda@</Instances/tn__object_2115_XH_1>
                        )
                        {
                            quatd xformOp:orient = (0.7071067691, -0.000002556955906, -0.00000255695636, 0.7071067691)
                            double3 xformOp:scale = (0.000999987009, 0.000999987009, 0.000999987009)
                            double3 xformOp:translate = (-0.006590805948, -0.0000982890997, -0.02498593926)
                            uniform token[] xformOpOrder = ["xformOp:translate", "xformOp:orient", "xformOp:scale"]
                        }

                        def Xform "tn__object_2116_XH" (
                            displayName = "object_2.116"
                            instanceable = true
                            prepend references = @./instances.usda@</Instances/tn__object_2116_XH_1>
                        )
                        {
                            quatd xformOp:orient = (0.7071067691, -0.000002556955906, -0.00000255695636, 0.7071067691)
                            double3 xformOp:scale = (0.000999987009, 0.000999987009, 0.000999987009)
                            double3 xformOp:translate = (-0.006590805948, -0.0000982890997, -0.02498593926)
                            uniform token[] xformOpOrder = ["xformOp:translate", "xformOp:orient", "xformOp:scale"]
                        }

                        def Xform "tn__object_2117_XH" (
                            displayName = "object_2.117"
                            instanceable = true
                            prepend references = @./instances.usda@</Instances/tn__object_2117_XH_1>
                        )
                        {
                            quatd xformOp:orient = (0.7071067691, -0.000002556955906, -0.00000255695636, 0.7071067691)
                            double3 xformOp:scale = (0.000999987009, 0.000999987009, 0.000999987009)
                            double3 xformOp:translate = (-0.006590805948, -0.0000982890997, -0.02498593926)
                            uniform token[] xformOpOrder = ["xformOp:translate", "xformOp:orient", "xformOp:scale"]
                        }

                        def Xform "tn__object_2118_XH" (
                            displayName = "object_2.118"
                            instanceable = true
                            prepend references = @./instances.usda@</Instances/tn__object_2118_XH_1>
                        )
                        {
                            quatd xformOp:orient = (0.7071067691, -0.000002556955906, -0.00000255695636, 0.7071067691)
                            double3 xformOp:scale = (0.000999987009, 0.000999987009, 0.000999987009)
                            double3 xformOp:translate = (-0.006590805948, -0.0000982890997, -0.02498593926)
                            uniform token[] xformOpOrder = ["xformOp:translate", "xformOp:orient", "xformOp:scale"]
                        }

                        def Xform "tn__object_2119_XH" (
                            displayName = "object_2.119"
                            instanceable = true
                            prepend references = @./instances.usda@</Instances/tn__object_2119_XH_1>
                        )
                        {
                            quatd xformOp:orient = (0.7071067691, -0.000002556955906, -0.00000255695636, 0.7071067691)
                            double3 xformOp:scale = (0.000999987009, 0.000999987009, 0.000999987009)
                            double3 xformOp:translate = (-0.006590805948, -0.0000982890997, -0.02498593926)
                            uniform token[] xformOpOrder = ["xformOp:translate", "xformOp:orient", "xformOp:scale"]
                        }

                        def Xform "tn__object_2120_XH" (
                            displayName = "object_2.120"
                            instanceable = true
                            prepend references = @./instances.usda@</Instances/tn__object_2120_XH_1>
                        )
                        {
                            quatd xformOp:orient = (0.7071067691, -0.000002556955906, -0.00000255695636, 0.7071067691)
                            double3 xformOp:scale = (0.000999987009, 0.000999987009, 0.000999987009)
                            double3 xformOp:translate = (-0.006590805948, -0.0000982890997, -0.02498593926)
                            uniform token[] xformOpOrder = ["xformOp:translate", "xformOp:orient", "xformOp:scale"]
                        }

                        def Xform "tn__object_2121_XH" (
                            displayName = "object_2.121"
                            instanceable = true
                            prepend references = @./instances.usda@</Instances/tn__object_2121_XH_1>
                        )
                        {
                            quatd xformOp:orient = (0.7071067691, -0.000002556955906, -0.00000255695636, 0.7071067691)
                            double3 xformOp:scale = (0.000999987009, 0.000999987009, 0.000999987009)
                            double3 xformOp:translate = (-0.006590805948, -0.0000982890997, -0.02498593926)
                            uniform token[] xformOpOrder = ["xformOp:translate", "xformOp:orient", "xformOp:scale"]
                        }

                        def Xform "tn__object_2122_XH" (
                            displayName = "object_2.122"
                            instanceable = true
                            prepend references = @./instances.usda@</Instances/tn__object_2122_XH_1>
                        )
                        {
                            quatd xformOp:orient = (0.7071067691, -0.000002556955906, -0.00000255695636, 0.7071067691)
                            double3 xformOp:scale = (0.000999987009, 0.000999987009, 0.000999987009)
                            double3 xformOp:translate = (-0.006590805948, -0.0000982890997, -0.02498593926)
                            uniform token[] xformOpOrder = ["xformOp:translate", "xformOp:orient", "xformOp:scale"]
                        }

                        def Xform "tn__object_2123_XH" (
                            displayName = "object_2.123"
                            instanceable = true
                            prepend references = @./instances.usda@</Instances/tn__object_2123_XH_1>
                        )
                        {
                            quatd xformOp:orient = (0.7071067691, -0.000002556955906, -0.00000255695636, 0.7071067691)
                            double3 xformOp:scale = (0.000999987009, 0.000999987009, 0.000999987009)
                            double3 xformOp:translate = (-0.006590805948, -0.0000982890997, -0.02498593926)
                            uniform token[] xformOpOrder = ["xformOp:translate", "xformOp:orient", "xformOp:scale"]
                        }

                        def Xform "tn__object_2124_XH" (
                            displayName = "object_2.124"
                            instanceable = true
                            prepend references = @./instances.usda@</Instances/tn__object_2124_XH_1>
                        )
                        {
                            quatd xformOp:orient = (0.7071067691, -0.000002556955906, -0.00000255695636, 0.7071067691)
                            double3 xformOp:scale = (0.000999987009, 0.000999987009, 0.000999987009)
                            double3 xformOp:translate = (-0.006590805948, -0.0000982890997, -0.02498593926)
                            uniform token[] xformOpOrder = ["xformOp:translate", "xformOp:orient", "xformOp:scale"]
                        }

                        def Xform "tn__object_2125_XH" (
                            displayName = "object_2.125"
                            instanceable = true
                            prepend references = @./instances.usda@</Instances/tn__object_2125_XH_1>
                        )
                        {
                            quatd xformOp:orient = (0.7071067691, -0.000002556955906, -0.00000255695636, 0.7071067691)
                            double3 xformOp:scale = (0.000999987009, 0.000999987009, 0.000999987009)
                            double3 xformOp:translate = (-0.006590805948, -0.0000982890997, -0.02498593926)
                            uniform token[] xformOpOrder = ["xformOp:translate", "xformOp:orient", "xformOp:scale"]
                        }

                        def Xform "tn__object_2126_XH" (
                            displayName = "object_2.126"
                            instanceable = true
                            prepend references = @./instances.usda@</Instances/tn__object_2126_XH_1>
                        )
                        {
                            quatd xformOp:orient = (0.7071067691, -0.000002556955906, -0.00000255695636, 0.7071067691)
                            double3 xformOp:scale = (0.000999987009, 0.000999987009, 0.000999987009)
                            double3 xformOp:translate = (-0.006590805948, -0.0000982890997, -0.02498593926)
                            uniform token[] xformOpOrder = ["xformOp:translate", "xformOp:orient", "xformOp:scale"]
                        }

                        def Xform "tn__object_2127_XH" (
                            displayName = "object_2.127"
                            instanceable = true
                            prepend references = @./instances.usda@</Instances/tn__object_2127_XH_1>
                        )
                        {
                            quatd xformOp:orient = (0.7071067691, -0.000002556955906, -0.00000255695636, 0.7071067691)
                            double3 xformOp:scale = (0.000999987009, 0.000999987009, 0.000999987009)
                            double3 xformOp:translate = (-0.006590805948, -0.0000982890997, -0.02498593926)
                            uniform token[] xformOpOrder = ["xformOp:translate", "xformOp:orient", "xformOp:scale"]
                        }

                        def Xform "tn__object_2128_XH" (
                            displayName = "object_2.128"
                            instanceable = true
                            prepend references = @./instances.usda@</Instances/tn__object_2128_XH_1>
                        )
                        {
                            quatd xformOp:orient = (0.7071067691, -0.000002556955906, -0.00000255695636, 0.7071067691)
                            double3 xformOp:scale = (0.000999987009, 0.000999987009, 0.000999987009)
                            double3 xformOp:translate = (-0.006590805948, -0.0000982890997, -0.02498593926)
                            uniform token[] xformOpOrder = ["xformOp:translate", "xformOp:orient", "xformOp:scale"]
                        }

                        def Xform "tn__object_2129_XH" (
                            displayName = "object_2.129"
                            instanceable = true
                            prepend references = @./instances.usda@</Instances/tn__object_2129_XH_1>
                        )
                        {
                            quatd xformOp:orient = (0.7071067691, -0.000002556955906, -0.00000255695636, 0.7071067691)
                            double3 xformOp:scale = (0.000999987009, 0.000999987009, 0.000999987009)
                            double3 xformOp:translate = (-0.006590805948, -0.0000982890997, -0.02498593926)
                            uniform token[] xformOpOrder = ["xformOp:translate", "xformOp:orient", "xformOp:scale"]
                        }

                        def Xform "tn__object_2130_XH" (
                            displayName = "object_2.130"
                            instanceable = true
                            prepend references = @./instances.usda@</Instances/tn__object_2130_XH_1>
                        )
                        {
                            quatd xformOp:orient = (0.7071067691, -0.000002556955906, -0.00000255695636, 0.7071067691)
                            double3 xformOp:scale = (0.000999987009, 0.000999987009, 0.000999987009)
                            double3 xformOp:translate = (-0.006590805948, -0.0000982890997, -0.02498593926)
                            uniform token[] xformOpOrder = ["xformOp:translate", "xformOp:orient", "xformOp:scale"]
                        }

                        def Xform "tn__object_2131_XH" (
                            displayName = "object_2.131"
                            instanceable = true
                            prepend references = @./instances.usda@</Instances/tn__object_2131_XH_1>
                        )
                        {
                            quatd xformOp:orient = (0.7071067691, -0.000002556955906, -0.00000255695636, 0.7071067691)
                            double3 xformOp:scale = (0.000999987009, 0.000999987009, 0.000999987009)
                            double3 xformOp:translate = (-0.006590805948, -0.0000982890997, -0.02498593926)
                            uniform token[] xformOpOrder = ["xformOp:translate", "xformOp:orient", "xformOp:scale"]
                        }

                        def Xform "tn__object_2132_XH" (
                            displayName = "object_2.132"
                            instanceable = true
                            prepend references = @./instances.usda@</Instances/tn__object_2132_XH_1>
                        )
                        {
                            quatd xformOp:orient = (0.7071067691, -0.000002556955906, -0.00000255695636, 0.7071067691)
                            double3 xformOp:scale = (0.000999987009, 0.000999987009, 0.000999987009)
                            double3 xformOp:translate = (-0.006590805948, -0.0000982890997, -0.02498593926)
                            uniform token[] xformOpOrder = ["xformOp:translate", "xformOp:orient", "xformOp:scale"]
                        }

                        def Xform "tn__object_2133_XH" (
                            displayName = "object_2.133"
                            instanceable = true
                            prepend references = @./instances.usda@</Instances/tn__object_2133_XH_1>
                        )
                        {
                            quatd xformOp:orient = (0.7071067691, -0.000002556955906, -0.00000255695636, 0.7071067691)
                            double3 xformOp:scale = (0.000999987009, 0.000999987009, 0.000999987009)
                            double3 xformOp:translate = (-0.006590805948, -0.0000982890997, -0.02498593926)
                            uniform token[] xformOpOrder = ["xformOp:translate", "xformOp:orient", "xformOp:scale"]
                        }

                        def Xform "tn__object_2134_XH" (
                            displayName = "object_2.134"
                            instanceable = true
                            prepend references = @./instances.usda@</Instances/tn__object_2134_XH_1>
                        )
                        {
                            quatd xformOp:orient = (0.7071067691, -0.000002556955906, -0.00000255695636, 0.7071067691)
                            double3 xformOp:scale = (0.000999987009, 0.000999987009, 0.000999987009)
                            double3 xformOp:translate = (-0.006590805948, -0.0000982890997, -0.02498593926)
                            uniform token[] xformOpOrder = ["xformOp:translate", "xformOp:orient", "xformOp:scale"]
                        }

                        def Xform "tn__object_2135_XH" (
                            displayName = "object_2.135"
                            instanceable = true
                            prepend references = @./instances.usda@</Instances/tn__object_2135_XH_1>
                        )
                        {
                            quatd xformOp:orient = (0.7071067691, -0.000002556955906, -0.00000255695636, 0.7071067691)
                            double3 xformOp:scale = (0.000999987009, 0.000999987009, 0.000999987009)
                            double3 xformOp:translate = (-0.006590805948, -0.0000982890997, -0.02498593926)
                            uniform token[] xformOpOrder = ["xformOp:translate", "xformOp:orient", "xformOp:scale"]
                        }

                        def Xform "tn__object_2136_XH" (
                            displayName = "object_2.136"
                            instanceable = true
                            prepend references = @./instances.usda@</Instances/tn__object_2136_XH_1>
                        )
                        {
                            quatd xformOp:orient = (0.7071067691, -0.000002556955906, -0.00000255695636, 0.7071067691)
                            double3 xformOp:scale = (0.000999987009, 0.000999987009, 0.000999987009)
                            double3 xformOp:translate = (-0.006590805948, -0.0000982890997, -0.02498593926)
                            uniform token[] xformOpOrder = ["xformOp:translate", "xformOp:orient", "xformOp:scale"]
                        }

                        def Xform "tn__object_2137_XH" (
                            displayName = "object_2.137"
                            instanceable = true
                            prepend references = @./instances.usda@</Instances/tn__object_2137_XH_1>
                        )
                        {
                            quatd xformOp:orient = (0.7071067691, -0.000002556955906, -0.00000255695636, 0.7071067691)
                            double3 xformOp:scale = (0.000999987009, 0.000999987009, 0.000999987009)
                            double3 xformOp:translate = (-0.006590805948, -0.0000982890997, -0.02498593926)
                            uniform token[] xformOpOrder = ["xformOp:translate", "xformOp:orient", "xformOp:scale"]
                        }

                        def Xform "tn__object_2138_XH" (
                            displayName = "object_2.138"
                            instanceable = true
                            prepend references = @./instances.usda@</Instances/tn__object_2138_XH_1>
                        )
                        {
                            quatd xformOp:orient = (0.7071067691, -0.000002556955906, -0.00000255695636, 0.7071067691)
                            double3 xformOp:scale = (0.000999987009, 0.000999987009, 0.000999987009)
                            double3 xformOp:translate = (-0.006590805948, -0.0000982890997, -0.02498593926)
                            uniform token[] xformOpOrder = ["xformOp:translate", "xformOp:orient", "xformOp:scale"]
                        }

                        def Xform "tn__Circle009_WE" (
                            displayName = "Circle.009"
                            instanceable = true
                            prepend references = @./instances.usda@</Instances/tn__Circle009_WE_1>
                        )
                        {
                            quatd xformOp:orient = (1.943035812e-7, -0.9962548614, -0.08646542579, 0)
                            double3 xformOp:scale = (0.01099998783, 0.01099998783, 0.0109999897)
                            double3 xformOp:translate = (0, 0, -0.09260349721)
                            uniform token[] xformOpOrder = ["xformOp:translate", "xformOp:orient", "xformOp:scale"]
                        }
                    }
                }

                def Xform "magicianBase_1" (
                    displayName = "magicianBase"
                )
                {
                    uniform token purpose = "guide"
                    quatf xformOp:orient = (1, 0, 0, 0)
                    float3 xformOp:scale = (1, 1, 1)
                    double3 xformOp:translate = (0, 0, 0)
                    uniform token[] xformOpOrder = ["xformOp:translate", "xformOp:orient", "xformOp:scale"]

                    def Xform "tn__Circle014_WE" (
                        displayName = "Circle.014"
                        instanceable = true
                        prepend references = @./instances.usda@</Instances/tn__Circle014_WE_1>
                    )
                    {
                        quatd xformOp:orient = (1, 0, 0, 0)
                        double3 xformOp:scale = (0.002400001045, 0.002400001045, 0.002400001045)
                        double3 xformOp:translate = (0.06213799864, -0.06358016282, -0.08095364273)
                        uniform token[] xformOpOrder = ["xformOp:translate", "xformOp:orient", "xformOp:scale"]
                    }

                    def Xform "tn__Circle013_WE" (
                        displayName = "Circle.013"
                        instanceable = true
                        prepend references = @./instances.usda@</Instances/tn__Circle013_WE_1>
                    )
                    {
                        quatd xformOp:orient = (1, 0, 0, 0)
                        double3 xformOp:scale = (0.00700000301, 0.00700000301, 0.00700000301)
                        double3 xformOp:translate = (-0.06303164363, 0.06283199042, -0.08007281274)
                        uniform token[] xformOpOrder = ["xformOp:translate", "xformOp:orient", "xformOp:scale"]
                    }

                    def Xform "tn__Circle012_WE" (
                        displayName = "Circle.012"
                        instanceable = true
                        prepend references = @./instances.usda@</Instances/tn__Circle012_WE_1>
                    )
                    {
                        quatd xformOp:orient = (1, 0, 0, 0)
                        double3 xformOp:scale = (0.008500001393, 0.008500001393, 0.008500001393)
                        double3 xformOp:translate = (-0.06303164363, 0.06283199042, -0.08093486726)
                        uniform token[] xformOpOrder = ["xformOp:translate", "xformOp:orient", "xformOp:scale"]
                    }

                    def Xform "tn__Plane005_lC" (
                        displayName = "Plane.005"
                        instanceable = true
                        prepend references = @./instances.usda@</Instances/tn__Plane005_lC_1>
                    )
                    {
                        quatd xformOp:orient = (0.7071068287, 0, 0.7071067691, 0)
                        double3 xformOp:scale = (0.004488002043, 0.004488002043, 0.004488002043)
                        double3 xformOp:translate = (-0.07820981741, -0.03049983084, -0.1188359037)
                        uniform token[] xformOpOrder = ["xformOp:translate", "xformOp:orient", "xformOp:scale"]
                    }

                    def Xform "tn__Circle011_WE" (
                        displayName = "Circle.011"
                        instanceable = true
                        prepend references = @./instances.usda@</Instances/tn__Circle011_WE_1>
                    )
                    {
                        quatd xformOp:orient = (0.7071068287, 0, 0.7071067691, 0)
                        double3 xformOp:scale = (0.001262026024, 0.001262026024, 0.001262026024)
                        double3 xformOp:translate = (-0.07820598781, -0.05407350883, -0.1186686009)
                        uniform token[] xformOpOrder = ["xformOp:translate", "xformOp:orient", "xformOp:scale"]
                    }

                    def Xform "tn__Circle010_WE" (
                        displayName = "Circle.010"
                        instanceable = true
                        prepend references = @./instances.usda@</Instances/tn__Circle010_WE_1>
                    )
                    {
                        quatd xformOp:orient = (0.7071068287, 0, 0.7071067691, 0)
                        double3 xformOp:scale = (0.003807018977, 0.003807018977, 0.003807018977)
                        double3 xformOp:translate = (-0.07820598781, -0.05407350883, -0.1186686009)
                        uniform token[] xformOpOrder = ["xformOp:translate", "xformOp:orient", "xformOp:scale"]
                    }

                    def Xform "tn__Plane004_lC" (
                        displayName = "Plane.004"
                        instanceable = true
                        prepend references = @./instances.usda@</Instances/tn__Plane004_lC_1>
                    )
                    {
                        quatd xformOp:orient = (0.7071068287, 0, 0.7071067691, 0)
                        double3 xformOp:scale = (0.009999999776, 0.009999999776, 0.009999999776)
                        double3 xformOp:translate = (-0.07818367332, -0.03210039064, -0.1197274998)
                        uniform token[] xformOpOrder = ["xformOp:translate", "xformOp:orient", "xformOp:scale"]
                    }

                    def Xform "tn__Plane002_lC" (
                        displayName = "Plane.002"
                        instanceable = true
                        prepend references = @./instances.usda@</Instances/tn__Plane002_lC_1>
                    )
                    {
                        quatd xformOp:orient = (0.7071068287, 0, 0.7071067691, 0)
                        double3 xformOp:scale = (0.01999999955, 0.01999999955, 0.01999999955)
                        double3 xformOp:translate = (-0.07810132205, -0.04117545858, -0.1090902984)
                        uniform token[] xformOpOrder = ["xformOp:translate", "xformOp:orient", "xformOp:scale"]
                    }

                    def Xform "tn__object_5182_XH" (
                        displayName = "object_5.182"
                        instanceable = true
                        prepend references = @./instances.usda@</Instances/tn__object_5182_XH_1>
                    )
                    {
                        quatd xformOp:orient = (0.7071067691, -0.000002556955906, -0.00000255695636, 0.7071067691)
                        double3 xformOp:scale = (0.000999987009, 0.000999987009, 0.000999987009)
                        double3 xformOp:translate = (-0.00009029389912, -0.00009829280316, -0.1059534028)
                        uniform token[] xformOpOrder = ["xformOp:translate", "xformOp:orient", "xformOp:scale"]
                    }

                    def Xform "tn__object_4010_XH" (
                        displayName = "object_4.010"
                        instanceable = true
                        prepend references = @./instances.usda@</Instances/tn__object_4010_XH_1>
                    )
                    {
                        quatd xformOp:orient = (0.7071067095, -0.000001148924639, -0.000003983639999, 0.7071068287)
                        double3 xformOp:scale = (0.0009999865433, 0.0009999865433, 0.0009999865433)
                        double3 xformOp:translate = (-0.00009339794363, -0.0001083286183, -0.1059069234)
                        uniform token[] xformOpOrder = ["xformOp:translate", "xformOp:orient", "xformOp:scale"]
                    }

                    def Xform "tn__object_4005_XH" (
                        displayName = "object_4.005"
                        instanceable = true
                        prepend references = @./instances.usda@</Instances/tn__object_4005_XH_1>
                    )
                    {
                        quatd xformOp:orient = (0.7071067095, -0.000001148924639, -0.000003983639999, 0.7071068287)
                        double3 xformOp:scale = (0.0009999865433, 0.0009999865433, 0.0009999865433)
                        double3 xformOp:translate = (43.09287007, 78.69721353, -14.37566294)
                        uniform token[] xformOpOrder = ["xformOp:translate", "xformOp:orient", "xformOp:scale"]
                    }

                    def Xform "tn__object_4004_XH" (
                        displayName = "object_4.004"
                        instanceable = true
                        prepend references = @./instances.usda@</Instances/tn__object_4005_XH_1>
                    )
                    {
                        quatd xformOp:orient = (0.7071067095, -0.000001148924639, -0.000003983639999, 0.7071068287)
                        double3 xformOp:scale = (0.0009999865433, 0.0009999865433, 0.0009999865433)
                        double3 xformOp:translate = (43.09287007, 78.69721353, -14.37566294)
                        uniform token[] xformOpOrder = ["xformOp:translate", "xformOp:orient", "xformOp:scale"]
                    }

                    def Xform "tn__object_4003_XH" (
                        displayName = "object_4.003"
                        instanceable = true
                        prepend references = @./instances.usda@</Instances/tn__object_4005_XH_1>
                    )
                    {
                        quatd xformOp:orient = (0.7071067095, -0.000001148924639, -0.000003983639999, 0.7071068287)
                        double3 xformOp:scale = (0.0009999865433, 0.0009999865433, 0.0009999865433)
                        double3 xformOp:translate = (23.72741062, 78.69721353, -14.37566294)
                        uniform token[] xformOpOrder = ["xformOp:translate", "xformOp:orient", "xformOp:scale"]
                    }

                    def Xform "tn__object_4002_XH" (
                        displayName = "object_4.002"
                        instanceable = true
                        prepend references = @./instances.usda@</Instances/tn__object_4002_XH_1>
                    )
                    {
                        quatd xformOp:orient = (0.7071067095, -0.000001148924639, -0.000003983639999, 0.7071068287)
                        double3 xformOp:scale = (0.0009999865433, 0.0009999865433, 0.0009999865433)
                        double3 xformOp:translate = (-0.00009342029356, -0.508338985, 27.20032678)
                        uniform token[] xformOpOrder = ["xformOp:translate", "xformOp:orient", "xformOp:scale"]
                    }
                }
            }
        }
    }

    def Scope "Physics"
    {
    }

    def Scope "VisualMaterials"
    {
    }
}

